-- ============================================================
-- Script de inicialización - Aerolínea Halcón
-- Compatible con Docker gvenzl/oracle-xe
--
-- NOTAS IMPORTANTES:
-- 1. Este script corre como SYSTEM en el contexto de XEPDB1
-- 2. El usuario se crea aquí directamente (NO usar APP_USER en docker-compose)
-- 3. El COMMIT al final es obligatorio
-- ============================================================

-- Crear el usuario (el script corre como SYSTEM, tiene permisos para esto)
BEGIN
  EXECUTE IMMEDIATE 'CREATE USER USUARIO_AEROLINEA IDENTIFIED BY "LLego2005/"';
EXCEPTION
  WHEN OTHERS THEN
    IF SQLCODE != -1920 THEN  -- ORA-01920: usuario ya existe, ignorar
      RAISE;
    END IF;
END;
/

-- Asignar todos los permisos necesarios
GRANT CONNECT, RESOURCE TO USUARIO_AEROLINEA;
GRANT UNLIMITED TABLESPACE TO USUARIO_AEROLINEA;
GRANT CREATE SESSION TO USUARIO_AEROLINEA;
GRANT CREATE TABLE TO USUARIO_AEROLINEA;
GRANT CREATE SEQUENCE TO USUARIO_AEROLINEA;

ALTER USER USUARIO_AEROLINEA ACCOUNT UNLOCK;

-- ============================================================
-- SEQUENCES
-- ============================================================

CREATE SEQUENCE USUARIO_AEROLINEA.SEQ_PAISES
  MINVALUE 1
  MAXVALUE 9999999999999999999999999999
  INCREMENT BY 1
  START WITH 250
  NOCACHE NOORDER NOCYCLE;

CREATE SEQUENCE USUARIO_AEROLINEA.SEQ_USUARIOS
  MINVALUE 1
  MAXVALUE 9999999999999999999999999999
  INCREMENT BY 1
  START WITH 1
  NOCACHE NOORDER NOCYCLE;

-- ============================================================
-- TABLAS
-- Orden importante: primero tablas sin FK, luego las que
-- dependen de otras. Los constraints van inline para evitar
-- errores de orden de ejecución.
-- ============================================================

-- 1. PAISES (sin dependencias)
CREATE TABLE USUARIO_AEROLINEA.PAISES (
  ID       NUMBER GENERATED BY DEFAULT AS IDENTITY
             (MINVALUE 1 INCREMENT BY 1 START WITH 1 NOCACHE NOCYCLE)
             NOT NULL,
  NAME     VARCHAR2(100 BYTE) NOT NULL,
  ISO_NAME VARCHAR2(100 BYTE) NOT NULL,
  ALFA2    VARCHAR2(2 BYTE)   NOT NULL,
  ALFA3    VARCHAR2(3 BYTE)   NOT NULL,
  NUMERICO NUMBER(3,0),
  CONSTRAINT PK_PAISES       PRIMARY KEY (ID),
  CONSTRAINT UK_PAISES_ALFA2 UNIQUE (ALFA2),
  CONSTRAINT UK_PAISES_ALFA3 UNIQUE (ALFA3)
);

-- 2. USUARIOS (sin FK hacia otras tablas del schema)
CREATE TABLE USUARIO_AEROLINEA.USUARIOS (
  ID_USUARIO     NUMBER GENERATED BY DEFAULT AS IDENTITY
                   (MINVALUE 1 INCREMENT BY 1 START WITH 1 NOCACHE NOCYCLE)
                   NOT NULL,
  EMAIL          VARCHAR2(100 BYTE) NOT NULL,
  PASSWORD_HASH  VARCHAR2(255 BYTE) NOT NULL,
  NOMBRES        VARCHAR2(100 BYTE) NOT NULL,
  APELLIDOS      VARCHAR2(100 BYTE) NOT NULL,
  EDAD           NUMBER(3,0),
  PAIS_ORIGEN    NUMBER             NOT NULL,
  NUM_PASAPORTE  VARCHAR2(15 BYTE)  NOT NULL,
  TIPO_USUARIO   VARCHAR2(20 BYTE),
  FECHA_REGISTRO TIMESTAMP          DEFAULT CURRENT_TIMESTAMP,
  ACTIVO         NUMBER(1,0)        DEFAULT 1,
  CONSTRAINT PK_USUARIOS        PRIMARY KEY (ID_USUARIO),
  CONSTRAINT UK_USUARIOS_EMAIL  UNIQUE (EMAIL),
  CONSTRAINT UK_USUARIOS_PASAP  UNIQUE (NUM_PASAPORTE),
  CONSTRAINT CK_USUARIOS_TIPO   CHECK (TIPO_USUARIO IN ('ADMIN','REGISTRADO','ANONIMO','WEBSERVICE')),
  CONSTRAINT CK_USUARIOS_ACTIVO CHECK (ACTIVO IN (0,1))
);

-- 3. VUELOS (depende de USUARIOS via CREADO_POR)
CREATE TABLE USUARIO_AEROLINEA.VUELOS (
  ID_VUELO             NUMBER GENERATED BY DEFAULT AS IDENTITY
                         (MINVALUE 1 INCREMENT BY 1 START WITH 1 NOCACHE NOCYCLE)
                         NOT NULL,
  CODIGO_VUELO         VARCHAR2(10 BYTE)  NOT NULL,
  ORIGEN_CIUDAD        VARCHAR2(100 BYTE) NOT NULL,
  ORIGEN_CODIGO_IATA   CHAR(3 BYTE)       NOT NULL,
  DESTINO_CIUDAD       VARCHAR2(100 BYTE) NOT NULL,
  DESTINO_CODIGO_IATA  CHAR(3 BYTE)       NOT NULL,
  FECHA_SALIDA         DATE               NOT NULL,
  HORA_SALIDA          VARCHAR2(5 BYTE)   NOT NULL,
  FECHA_LLEGADA        DATE               NOT NULL,
  HORA_LLEGADA         VARCHAR2(5 BYTE)   NOT NULL,
  TIPO_ASIENTO         VARCHAR2(15 BYTE),
  PRECIO_BASE          NUMBER(10,2)       NOT NULL,
  ASIENTOS_TOTALES     NUMBER             NOT NULL,
  ASIENTOS_DISPONIBLES NUMBER             NOT NULL,
  ESTADO               VARCHAR2(15 BYTE),
  CREADO_POR           NUMBER             NOT NULL,
  FECHA_CREACION       TIMESTAMP          DEFAULT CURRENT_TIMESTAMP,
  CONSTRAINT PK_VUELOS         PRIMARY KEY (ID_VUELO),
  CONSTRAINT UK_VUELOS_CODIGO  UNIQUE (CODIGO_VUELO),
  CONSTRAINT CK_VUELOS_ASIENTO CHECK (TIPO_ASIENTO IN ('TURISTA','BUSINESS')),
  CONSTRAINT CK_VUELOS_ESTADO  CHECK (ESTADO IN ('ACTIVO','CANCELADO')),
  CONSTRAINT FK_VUELO_USUARIO  FOREIGN KEY (CREADO_POR)
    REFERENCES USUARIO_AEROLINEA.USUARIOS(ID_USUARIO)
);

-- 4. RESERVACIONES (depende de VUELOS y USUARIOS)
CREATE TABLE USUARIO_AEROLINEA.RESERVACIONES (
  ID_RESERVACION     NUMBER GENERATED BY DEFAULT AS IDENTITY
                       (MINVALUE 1 INCREMENT BY 1 START WITH 1 NOCACHE NOCYCLE)
                       NOT NULL,
  CODIGO_RESERVACION VARCHAR2(20 BYTE)  NOT NULL,
  ID_VUELO           NUMBER             NOT NULL,
  ID_USUARIO         NUMBER             NOT NULL,
  NUM_PASAJEROS      NUMBER(2,0)        NOT NULL,
  PRECIO_TOTAL       NUMBER(10,2)       NOT NULL,
  ESTADO             VARCHAR2(20 BYTE)  DEFAULT 'CONFIRMADA',
  FECHA_COMPRA       TIMESTAMP          DEFAULT CURRENT_TIMESTAMP,
  METODO_PAGO        VARCHAR2(50 BYTE),
  CONSTRAINT PK_RESERVACIONES    PRIMARY KEY (ID_RESERVACION),
  CONSTRAINT UK_RESERV_CODIGO    UNIQUE (CODIGO_RESERVACION),
  CONSTRAINT CK_RESERV_PASAJEROS CHECK (NUM_PASAJEROS > 0),
  CONSTRAINT CK_RESERV_PRECIO    CHECK (PRECIO_TOTAL > 0),
  CONSTRAINT CK_RESERV_ESTADO    CHECK (ESTADO IN ('CONFIRMADA','CANCELADA','PENDIENTE')),
  CONSTRAINT FK_RESERV_VUELO     FOREIGN KEY (ID_VUELO)
    REFERENCES USUARIO_AEROLINEA.VUELOS(ID_VUELO),
  CONSTRAINT FK_RESERV_USUARIO   FOREIGN KEY (ID_USUARIO)
    REFERENCES USUARIO_AEROLINEA.USUARIOS(ID_USUARIO)
);

-- 5. PASAJEROS (depende de RESERVACIONES)
CREATE TABLE USUARIO_AEROLINEA.PASAJEROS (
  ID_PASAJERO      NUMBER GENERATED BY DEFAULT AS IDENTITY
                     (MINVALUE 1 INCREMENT BY 1 START WITH 1 NOCACHE NOCYCLE)
                     NOT NULL,
  ID_RESERVACION   NUMBER             NOT NULL,
  NOMBRES          VARCHAR2(100 BYTE) NOT NULL,
  APELLIDOS        VARCHAR2(100 BYTE) NOT NULL,
  FECHA_NACIMIENTO DATE               NOT NULL,
  NACIONALIDAD     NUMBER             NOT NULL,
  NUM_PASAPORTE    VARCHAR2(15 BYTE)  NOT NULL,
  TIPO_ASIENTO     VARCHAR2(20 BYTE)  NOT NULL,
  CONSTRAINT PK_PASAJEROS     PRIMARY KEY (ID_PASAJERO),
  CONSTRAINT CK_PASAJ_ASIENTO CHECK (TIPO_ASIENTO IN ('TURISTA','BUSINESS')),
  CONSTRAINT FK_PASAJ_RESERV  FOREIGN KEY (ID_RESERVACION)
    REFERENCES USUARIO_AEROLINEA.RESERVACIONES(ID_RESERVACION) ON DELETE CASCADE
);

-- 6. COMENTARIOS_RATINGS (self-reference: el padre debe existir antes que el hijo)
CREATE TABLE USUARIO_AEROLINEA.COMENTARIOS_RATINGS (
  ID_COMENTARIO       NUMBER GENERATED BY DEFAULT AS IDENTITY
                        (MINVALUE 1 INCREMENT BY 1 START WITH 1 NOCACHE NOCYCLE)
                        NOT NULL,
  ID_VUELO            NUMBER         NOT NULL,
  ID_USUARIO          NUMBER         NOT NULL,
  ID_COMENTARIO_PADRE NUMBER,
  RATING              NUMBER(1,0),
  TEXTO_COMENTARIO    VARCHAR2(2000 BYTE),
  FECHA_CREACION      TIMESTAMP      DEFAULT CURRENT_TIMESTAMP,
  CONSTRAINT PK_COMENTARIOS     PRIMARY KEY (ID_COMENTARIO),
  CONSTRAINT CK_COMENTARIOS_RTG CHECK (RATING BETWEEN 1 AND 5),
  CONSTRAINT FK_COMENT_PADRE    FOREIGN KEY (ID_COMENTARIO_PADRE)
    REFERENCES USUARIO_AEROLINEA.COMENTARIOS_RATINGS(ID_COMENTARIO)
);

-- 7. HISTORIAL_BUSQUEDAS
CREATE TABLE USUARIO_AEROLINEA.HISTORIAL_BUSQUEDAS (
  ID_BUSQUEDA         NUMBER GENERATED BY DEFAULT AS IDENTITY
                        (MINVALUE 1 INCREMENT BY 1 START WITH 1 NOCACHE NOCYCLE)
                        NOT NULL,
  ID_USUARIO          NUMBER,
  ORIGEN              VARCHAR2(100 BYTE) NOT NULL,
  DESTINO             VARCHAR2(100 BYTE) NOT NULL,
  FECHA_IDA           DATE               NOT NULL,
  FECHA_VUELTA        DATE,
  NUM_PASAJEROS       NUMBER(2,0)        NOT NULL,
  TIPO_ASIENTO        VARCHAR2(20 BYTE),
  TIPO_FUENTE         VARCHAR2(10 BYTE),
  FECHA_HORA_BUSQUEDA TIMESTAMP          DEFAULT CURRENT_TIMESTAMP,
  IP_ORIGEN           VARCHAR2(45 BYTE),
  CONSTRAINT PK_HISTORIAL   PRIMARY KEY (ID_BUSQUEDA),
  CONSTRAINT CK_HIST_FUENTE CHECK (TIPO_FUENTE IN ('WEB','REST'))
);

-- 8. NOTIFICACIONES (depende de RESERVACIONES)
CREATE TABLE USUARIO_AEROLINEA.NOTIFICACIONES (
  ID_NOTIFICACION NUMBER GENERATED BY DEFAULT AS IDENTITY
                    (MINVALUE 1 INCREMENT BY 1 START WITH 1 NOCACHE NOCYCLE)
                    NOT NULL,
  ID_RESERVACION  NUMBER              NOT NULL,
  TIPO            VARCHAR2(20 BYTE),
  MENSAJE         VARCHAR2(1000 BYTE) NOT NULL,
  ENVIADO         NUMBER(1,0)         DEFAULT 0,
  FECHA_ENVIO     TIMESTAMP,
  CONSTRAINT PK_NOTIFICACIONES PRIMARY KEY (ID_NOTIFICACION),
  CONSTRAINT CK_NOTIF_TIPO     CHECK (TIPO IN ('CANCELACION','MODIFICACION','CONFIRMACION')),
  CONSTRAINT CK_NOTIF_ENVIADO  CHECK (ENVIADO IN (0,1)),
  CONSTRAINT FK_NOTIF_RESERV   FOREIGN KEY (ID_RESERVACION)
    REFERENCES USUARIO_AEROLINEA.RESERVACIONES(ID_RESERVACION)
);

-- 9. AGENCIAS_CLIENTES
CREATE TABLE USUARIO_AEROLINEA.AGENCIAS_CLIENTES (
  ID_AGENCIA            NUMBER GENERATED BY DEFAULT AS IDENTITY
                          (MINVALUE 1 INCREMENT BY 1 START WITH 1 NOCACHE NOCYCLE)
                          NOT NULL,
  NOMBRE_AGENCIA        VARCHAR2(200 BYTE) NOT NULL,
  ID_USUARIO_WEBSERVICE NUMBER             NOT NULL,
  PORCENTAJE_DESCUENTO  NUMBER(5,2)        DEFAULT 0,
  API_KEY_HASH          VARCHAR2(255 BYTE) NOT NULL,
  ACTIVO                NUMBER(1,0)        DEFAULT 1,
  FECHA_REGISTRO        TIMESTAMP          DEFAULT CURRENT_TIMESTAMP,
  CONSTRAINT PK_AGENCIAS        PRIMARY KEY (ID_AGENCIA),
  CONSTRAINT UK_AGENCIAS_USR    UNIQUE (ID_USUARIO_WEBSERVICE),
  CONSTRAINT CK_AGENCIAS_DESC   CHECK (PORCENTAJE_DESCUENTO >= 0),
  CONSTRAINT CK_AGENCIAS_ACTIVO CHECK (ACTIVO IN (0,1))
);

-- 10. HOTELES_ALIADOS (sin dependencias)
CREATE TABLE USUARIO_AEROLINEA.HOTELES_ALIADOS (
  ID_HOTEL_ALIADO      NUMBER GENERATED BY DEFAULT AS IDENTITY
                         (MINVALUE 1 INCREMENT BY 1 START WITH 1 NOCACHE NOCYCLE)
                         NOT NULL,
  NOMBRE_HOTEL         VARCHAR2(200 BYTE) NOT NULL,
  URL_API_BASE         VARCHAR2(500 BYTE) NOT NULL,
  PORCENTAJE_DESCUENTO NUMBER(5,2)        DEFAULT 0,
  ACTIVO               NUMBER(1,0)        DEFAULT 1,
  API_KEY              VARCHAR2(255 BYTE),
  FECHA_REGISTRO       TIMESTAMP          DEFAULT CURRENT_TIMESTAMP,
  CONSTRAINT PK_HOTELES        PRIMARY KEY (ID_HOTEL_ALIADO),
  CONSTRAINT CK_HOTELES_ACTIVO CHECK (ACTIVO IN (0,1))
);

-- ============================================================
-- ÍNDICES ADICIONALES
-- (los de PK y UK ya se crean automáticamente con los constraints)
-- ============================================================

CREATE INDEX USUARIO_AEROLINEA.IDX_RESERVACIONES_VUELO
  ON USUARIO_AEROLINEA.RESERVACIONES(ID_VUELO);

CREATE INDEX USUARIO_AEROLINEA.IDX_RESERVACIONES_USUARIO
  ON USUARIO_AEROLINEA.RESERVACIONES(ID_USUARIO);

CREATE INDEX USUARIO_AEROLINEA.IDX_PASAJEROS_RESERVACION
  ON USUARIO_AEROLINEA.PASAJEROS(ID_RESERVACION);

CREATE INDEX USUARIO_AEROLINEA.IDX_COMENTARIOS_VUELO
  ON USUARIO_AEROLINEA.COMENTARIOS_RATINGS(ID_VUELO);

CREATE INDEX USUARIO_AEROLINEA.IDX_COMENTARIOS_USUARIO
  ON USUARIO_AEROLINEA.COMENTARIOS_RATINGS(ID_USUARIO);

CREATE INDEX USUARIO_AEROLINEA.IDX_BUSQUEDAS_USUARIO
  ON USUARIO_AEROLINEA.HISTORIAL_BUSQUEDAS(ID_USUARIO);

CREATE INDEX USUARIO_AEROLINEA.IDX_BUSQUEDAS_FECHA
  ON USUARIO_AEROLINEA.HISTORIAL_BUSQUEDAS(FECHA_HORA_BUSQUEDA);

CREATE INDEX USUARIO_AEROLINEA.IDX_NOTIFICACIONES_RESERVACION
  ON USUARIO_AEROLINEA.NOTIFICACIONES(ID_RESERVACION);

-- Índice único funcional: solo un rating por usuario+vuelo
CREATE UNIQUE INDEX USUARIO_AEROLINEA.UK_USUARIO_VUELO_RATING
  ON USUARIO_AEROLINEA.COMENTARIOS_RATINGS (
    ID_USUARIO,
    ID_VUELO,
    CASE WHEN RATING IS NOT NULL THEN 1 ELSE NULL END
  );

-- ============================================================
-- DATOS - PAÍSES (249 registros)
-- ============================================================

INSERT INTO USUARIO_AEROLINEA.PAISES (ID,NAME,ISO_NAME,ALFA2,ALFA3,NUMERICO) VALUES (1,'Afganistán','Afganistán','AF','AFG',4);
INSERT INTO USUARIO_AEROLINEA.PAISES (ID,NAME,ISO_NAME,ALFA2,ALFA3,NUMERICO) VALUES (2,'Åland','Islas Åland','AX','ALA',248);
INSERT INTO USUARIO_AEROLINEA.PAISES (ID,NAME,ISO_NAME,ALFA2,ALFA3,NUMERICO) VALUES (3,'Albania','Albania','AL','ALB',8);
INSERT INTO USUARIO_AEROLINEA.PAISES (ID,NAME,ISO_NAME,ALFA2,ALFA3,NUMERICO) VALUES (4,'Alemania','Alemania','DE','DEU',276);
INSERT INTO USUARIO_AEROLINEA.PAISES (ID,NAME,ISO_NAME,ALFA2,ALFA3,NUMERICO) VALUES (5,'Andorra','Andorra','AD','AND',20);
INSERT INTO USUARIO_AEROLINEA.PAISES (ID,NAME,ISO_NAME,ALFA2,ALFA3,NUMERICO) VALUES (6,'Angola','Angola','AO','AGO',24);
INSERT INTO USUARIO_AEROLINEA.PAISES (ID,NAME,ISO_NAME,ALFA2,ALFA3,NUMERICO) VALUES (7,'Anguila','Anguila','AI','AIA',660);
INSERT INTO USUARIO_AEROLINEA.PAISES (ID,NAME,ISO_NAME,ALFA2,ALFA3,NUMERICO) VALUES (8,'Antártida','Antártida','AQ','ATA',10);
INSERT INTO USUARIO_AEROLINEA.PAISES (ID,NAME,ISO_NAME,ALFA2,ALFA3,NUMERICO) VALUES (9,'Antigua y Barbuda','Antigua y Barbuda','AG','ATG',28);
INSERT INTO USUARIO_AEROLINEA.PAISES (ID,NAME,ISO_NAME,ALFA2,ALFA3,NUMERICO) VALUES (10,'Arabia Saudita','Arabia Saudita','SA','SAU',682);
INSERT INTO USUARIO_AEROLINEA.PAISES (ID,NAME,ISO_NAME,ALFA2,ALFA3,NUMERICO) VALUES (11,'Argelia','Argelia','DZ','DZA',12);
INSERT INTO USUARIO_AEROLINEA.PAISES (ID,NAME,ISO_NAME,ALFA2,ALFA3,NUMERICO) VALUES (12,'Argentina','Argentina','AR','ARG',32);
INSERT INTO USUARIO_AEROLINEA.PAISES (ID,NAME,ISO_NAME,ALFA2,ALFA3,NUMERICO) VALUES (13,'Armenia','Armenia','AM','ARM',51);
INSERT INTO USUARIO_AEROLINEA.PAISES (ID,NAME,ISO_NAME,ALFA2,ALFA3,NUMERICO) VALUES (14,'Aruba','Aruba','AW','ABW',533);
INSERT INTO USUARIO_AEROLINEA.PAISES (ID,NAME,ISO_NAME,ALFA2,ALFA3,NUMERICO) VALUES (15,'Australia','Australia','AU','AUS',36);
INSERT INTO USUARIO_AEROLINEA.PAISES (ID,NAME,ISO_NAME,ALFA2,ALFA3,NUMERICO) VALUES (16,'Austria','Austria','AT','AUT',40);
INSERT INTO USUARIO_AEROLINEA.PAISES (ID,NAME,ISO_NAME,ALFA2,ALFA3,NUMERICO) VALUES (17,'Azerbaiyán','Azerbaiyán','AZ','AZE',31);
INSERT INTO USUARIO_AEROLINEA.PAISES (ID,NAME,ISO_NAME,ALFA2,ALFA3,NUMERICO) VALUES (18,'Bahamas','Bahamas (las)','BS','BHS',44);
INSERT INTO USUARIO_AEROLINEA.PAISES (ID,NAME,ISO_NAME,ALFA2,ALFA3,NUMERICO) VALUES (19,'Bangladés','Bangladés','BD','BGD',50);
INSERT INTO USUARIO_AEROLINEA.PAISES (ID,NAME,ISO_NAME,ALFA2,ALFA3,NUMERICO) VALUES (20,'Barbados','Barbados','BB','BRB',52);
INSERT INTO USUARIO_AEROLINEA.PAISES (ID,NAME,ISO_NAME,ALFA2,ALFA3,NUMERICO) VALUES (21,'Baréin','Baréin','BH','BHR',48);
INSERT INTO USUARIO_AEROLINEA.PAISES (ID,NAME,ISO_NAME,ALFA2,ALFA3,NUMERICO) VALUES (22,'Bélgica','Bélgica','BE','BEL',56);
INSERT INTO USUARIO_AEROLINEA.PAISES (ID,NAME,ISO_NAME,ALFA2,ALFA3,NUMERICO) VALUES (23,'Belice','Belice','BZ','BLZ',84);
INSERT INTO USUARIO_AEROLINEA.PAISES (ID,NAME,ISO_NAME,ALFA2,ALFA3,NUMERICO) VALUES (24,'Benín','Benín','BJ','BEN',204);
INSERT INTO USUARIO_AEROLINEA.PAISES (ID,NAME,ISO_NAME,ALFA2,ALFA3,NUMERICO) VALUES (25,'Bermudas','Bermudas','BM','BMU',60);
INSERT INTO USUARIO_AEROLINEA.PAISES (ID,NAME,ISO_NAME,ALFA2,ALFA3,NUMERICO) VALUES (26,'Bielorrusia','Bielorrusia','BY','BLR',112);
INSERT INTO USUARIO_AEROLINEA.PAISES (ID,NAME,ISO_NAME,ALFA2,ALFA3,NUMERICO) VALUES (27,'Birmania','Myanmar','MM','MMR',104);
INSERT INTO USUARIO_AEROLINEA.PAISES (ID,NAME,ISO_NAME,ALFA2,ALFA3,NUMERICO) VALUES (28,'Bolivia','Bolivia, Estado Plurinacional de','BO','BOL',68);
INSERT INTO USUARIO_AEROLINEA.PAISES (ID,NAME,ISO_NAME,ALFA2,ALFA3,NUMERICO) VALUES (29,'Bosnia y Herzegovina','Bosnia y Herzegovina','BA','BIH',70);
INSERT INTO USUARIO_AEROLINEA.PAISES (ID,NAME,ISO_NAME,ALFA2,ALFA3,NUMERICO) VALUES (30,'Botsuana','Botsuana','BW','BWA',72);
INSERT INTO USUARIO_AEROLINEA.PAISES (ID,NAME,ISO_NAME,ALFA2,ALFA3,NUMERICO) VALUES (31,'Brasil','Brasil','BR','BRA',76);
INSERT INTO USUARIO_AEROLINEA.PAISES (ID,NAME,ISO_NAME,ALFA2,ALFA3,NUMERICO) VALUES (32,'Brunéi','Brunéi Darussalam','BN','BRN',96);
INSERT INTO USUARIO_AEROLINEA.PAISES (ID,NAME,ISO_NAME,ALFA2,ALFA3,NUMERICO) VALUES (33,'Bulgaria','Bulgaria','BG','BGR',100);
INSERT INTO USUARIO_AEROLINEA.PAISES (ID,NAME,ISO_NAME,ALFA2,ALFA3,NUMERICO) VALUES (34,'Burkina Faso','Burkina Faso','BF','BFA',854);
INSERT INTO USUARIO_AEROLINEA.PAISES (ID,NAME,ISO_NAME,ALFA2,ALFA3,NUMERICO) VALUES (35,'Burundi','Burundi','BI','BDI',108);
INSERT INTO USUARIO_AEROLINEA.PAISES (ID,NAME,ISO_NAME,ALFA2,ALFA3,NUMERICO) VALUES (36,'Bután','Bután','BT','BTN',64);
INSERT INTO USUARIO_AEROLINEA.PAISES (ID,NAME,ISO_NAME,ALFA2,ALFA3,NUMERICO) VALUES (37,'Cabo Verde','Cabo Verde','CV','CPV',132);
INSERT INTO USUARIO_AEROLINEA.PAISES (ID,NAME,ISO_NAME,ALFA2,ALFA3,NUMERICO) VALUES (38,'Camboya','Camboya','KH','KHM',116);
INSERT INTO USUARIO_AEROLINEA.PAISES (ID,NAME,ISO_NAME,ALFA2,ALFA3,NUMERICO) VALUES (39,'Camerún','Camerún','CM','CMR',120);
INSERT INTO USUARIO_AEROLINEA.PAISES (ID,NAME,ISO_NAME,ALFA2,ALFA3,NUMERICO) VALUES (40,'Canadá','Canadá','CA','CAN',124);
INSERT INTO USUARIO_AEROLINEA.PAISES (ID,NAME,ISO_NAME,ALFA2,ALFA3,NUMERICO) VALUES (41,'Catar','Catar','QA','QAT',634);
INSERT INTO USUARIO_AEROLINEA.PAISES (ID,NAME,ISO_NAME,ALFA2,ALFA3,NUMERICO) VALUES (42,'Caribe Neerlandés','Bonaire, San Eustaquio y Saba','BQ','BES',535);
INSERT INTO USUARIO_AEROLINEA.PAISES (ID,NAME,ISO_NAME,ALFA2,ALFA3,NUMERICO) VALUES (43,'Chad','Chad','TD','TCD',148);
INSERT INTO USUARIO_AEROLINEA.PAISES (ID,NAME,ISO_NAME,ALFA2,ALFA3,NUMERICO) VALUES (44,'Chile','Chile','CL','CHL',152);
INSERT INTO USUARIO_AEROLINEA.PAISES (ID,NAME,ISO_NAME,ALFA2,ALFA3,NUMERICO) VALUES (45,'China','China','CN','CHN',156);
INSERT INTO USUARIO_AEROLINEA.PAISES (ID,NAME,ISO_NAME,ALFA2,ALFA3,NUMERICO) VALUES (46,'Chipre','Chipre','CY','CYP',196);
INSERT INTO USUARIO_AEROLINEA.PAISES (ID,NAME,ISO_NAME,ALFA2,ALFA3,NUMERICO) VALUES (47,'Colombia','Colombia','CO','COL',170);
INSERT INTO USUARIO_AEROLINEA.PAISES (ID,NAME,ISO_NAME,ALFA2,ALFA3,NUMERICO) VALUES (48,'Comoras','Comoras','KM','COM',174);
INSERT INTO USUARIO_AEROLINEA.PAISES (ID,NAME,ISO_NAME,ALFA2,ALFA3,NUMERICO) VALUES (49,'Corea del Norte','Corea (la República Democrática Popular de)','KP','PRK',408);
INSERT INTO USUARIO_AEROLINEA.PAISES (ID,NAME,ISO_NAME,ALFA2,ALFA3,NUMERICO) VALUES (50,'Corea del Sur','Corea (la República de)','KR','KOR',410);
INSERT INTO USUARIO_AEROLINEA.PAISES (ID,NAME,ISO_NAME,ALFA2,ALFA3,NUMERICO) VALUES (51,'Costa de Marfil','Côte d''Ivoire','CI','CIV',384);
INSERT INTO USUARIO_AEROLINEA.PAISES (ID,NAME,ISO_NAME,ALFA2,ALFA3,NUMERICO) VALUES (52,'Costa Rica','Costa Rica','CR','CRI',188);
INSERT INTO USUARIO_AEROLINEA.PAISES (ID,NAME,ISO_NAME,ALFA2,ALFA3,NUMERICO) VALUES (53,'Croacia','Croacia','HR','HRV',191);
INSERT INTO USUARIO_AEROLINEA.PAISES (ID,NAME,ISO_NAME,ALFA2,ALFA3,NUMERICO) VALUES (54,'Cuba','Cuba','CU','CUB',192);
INSERT INTO USUARIO_AEROLINEA.PAISES (ID,NAME,ISO_NAME,ALFA2,ALFA3,NUMERICO) VALUES (55,'Curazao','Curaçao','CW','CUW',531);
INSERT INTO USUARIO_AEROLINEA.PAISES (ID,NAME,ISO_NAME,ALFA2,ALFA3,NUMERICO) VALUES (56,'Dinamarca','Dinamarca','DK','DNK',208);
INSERT INTO USUARIO_AEROLINEA.PAISES (ID,NAME,ISO_NAME,ALFA2,ALFA3,NUMERICO) VALUES (57,'Dominica','Dominica','DM','DMA',212);
INSERT INTO USUARIO_AEROLINEA.PAISES (ID,NAME,ISO_NAME,ALFA2,ALFA3,NUMERICO) VALUES (58,'Ecuador','Ecuador','EC','ECU',218);
INSERT INTO USUARIO_AEROLINEA.PAISES (ID,NAME,ISO_NAME,ALFA2,ALFA3,NUMERICO) VALUES (59,'Egipto','Egipto','EG','EGY',818);
INSERT INTO USUARIO_AEROLINEA.PAISES (ID,NAME,ISO_NAME,ALFA2,ALFA3,NUMERICO) VALUES (60,'El Salvador','El Salvador','SV','SLV',222);
INSERT INTO USUARIO_AEROLINEA.PAISES (ID,NAME,ISO_NAME,ALFA2,ALFA3,NUMERICO) VALUES (61,'Emiratos Árabes Unidos','Emiratos Árabes Unidos (Los)','AE','ARE',784);
INSERT INTO USUARIO_AEROLINEA.PAISES (ID,NAME,ISO_NAME,ALFA2,ALFA3,NUMERICO) VALUES (62,'Eritrea','Eritrea','ER','ERI',232);
INSERT INTO USUARIO_AEROLINEA.PAISES (ID,NAME,ISO_NAME,ALFA2,ALFA3,NUMERICO) VALUES (63,'Eslovaquia','Eslovaquia','SK','SVK',703);
INSERT INTO USUARIO_AEROLINEA.PAISES (ID,NAME,ISO_NAME,ALFA2,ALFA3,NUMERICO) VALUES (64,'Eslovenia','Eslovenia','SI','SVN',705);
INSERT INTO USUARIO_AEROLINEA.PAISES (ID,NAME,ISO_NAME,ALFA2,ALFA3,NUMERICO) VALUES (65,'España','España','ES','ESP',724);
INSERT INTO USUARIO_AEROLINEA.PAISES (ID,NAME,ISO_NAME,ALFA2,ALFA3,NUMERICO) VALUES (66,'Estados Unidos','Estados Unidos (los)','US','USA',840);
INSERT INTO USUARIO_AEROLINEA.PAISES (ID,NAME,ISO_NAME,ALFA2,ALFA3,NUMERICO) VALUES (67,'Estonia','Estonia','EE','EST',233);
INSERT INTO USUARIO_AEROLINEA.PAISES (ID,NAME,ISO_NAME,ALFA2,ALFA3,NUMERICO) VALUES (68,'Etiopía','Etiopía','ET','ETH',231);
INSERT INTO USUARIO_AEROLINEA.PAISES (ID,NAME,ISO_NAME,ALFA2,ALFA3,NUMERICO) VALUES (69,'Filipinas','Filipinas (las)','PH','PHL',608);
INSERT INTO USUARIO_AEROLINEA.PAISES (ID,NAME,ISO_NAME,ALFA2,ALFA3,NUMERICO) VALUES (70,'Finlandia','Finlandia','FI','FIN',246);
INSERT INTO USUARIO_AEROLINEA.PAISES (ID,NAME,ISO_NAME,ALFA2,ALFA3,NUMERICO) VALUES (71,'Fiyi','Fiyi','FJ','FJI',242);
INSERT INTO USUARIO_AEROLINEA.PAISES (ID,NAME,ISO_NAME,ALFA2,ALFA3,NUMERICO) VALUES (72,'Francia','Francia','FR','FRA',250);
INSERT INTO USUARIO_AEROLINEA.PAISES (ID,NAME,ISO_NAME,ALFA2,ALFA3,NUMERICO) VALUES (73,'Gabón','Gabón','GA','GAB',266);
INSERT INTO USUARIO_AEROLINEA.PAISES (ID,NAME,ISO_NAME,ALFA2,ALFA3,NUMERICO) VALUES (74,'Gambia','Gambia (La)','GM','GMB',270);
INSERT INTO USUARIO_AEROLINEA.PAISES (ID,NAME,ISO_NAME,ALFA2,ALFA3,NUMERICO) VALUES (75,'Georgia','Georgia','GE','GEO',268);
INSERT INTO USUARIO_AEROLINEA.PAISES (ID,NAME,ISO_NAME,ALFA2,ALFA3,NUMERICO) VALUES (76,'Ghana','Ghana','GH','GHA',288);
INSERT INTO USUARIO_AEROLINEA.PAISES (ID,NAME,ISO_NAME,ALFA2,ALFA3,NUMERICO) VALUES (77,'Gibraltar','Gibraltar','GI','GIB',292);
INSERT INTO USUARIO_AEROLINEA.PAISES (ID,NAME,ISO_NAME,ALFA2,ALFA3,NUMERICO) VALUES (78,'Granada','Granada','GD','GRD',308);
INSERT INTO USUARIO_AEROLINEA.PAISES (ID,NAME,ISO_NAME,ALFA2,ALFA3,NUMERICO) VALUES (79,'Grecia','Grecia','GR','GRC',300);
INSERT INTO USUARIO_AEROLINEA.PAISES (ID,NAME,ISO_NAME,ALFA2,ALFA3,NUMERICO) VALUES (80,'Groenlandia','Groenlandia','GL','GRL',304);
INSERT INTO USUARIO_AEROLINEA.PAISES (ID,NAME,ISO_NAME,ALFA2,ALFA3,NUMERICO) VALUES (81,'Guadalupe','Guadalupe','GP','GLP',312);
INSERT INTO USUARIO_AEROLINEA.PAISES (ID,NAME,ISO_NAME,ALFA2,ALFA3,NUMERICO) VALUES (82,'Guam','Guam','GU','GUM',316);
INSERT INTO USUARIO_AEROLINEA.PAISES (ID,NAME,ISO_NAME,ALFA2,ALFA3,NUMERICO) VALUES (83,'Guatemala','Guatemala','GT','GTM',320);
INSERT INTO USUARIO_AEROLINEA.PAISES (ID,NAME,ISO_NAME,ALFA2,ALFA3,NUMERICO) VALUES (84,'Guayana Francesa','Guayana Francesa','GF','GUF',254);
INSERT INTO USUARIO_AEROLINEA.PAISES (ID,NAME,ISO_NAME,ALFA2,ALFA3,NUMERICO) VALUES (85,'Guernsey','Guernsey','GG','GGY',831);
INSERT INTO USUARIO_AEROLINEA.PAISES (ID,NAME,ISO_NAME,ALFA2,ALFA3,NUMERICO) VALUES (86,'Guinea','Guinea','GN','GIN',324);
INSERT INTO USUARIO_AEROLINEA.PAISES (ID,NAME,ISO_NAME,ALFA2,ALFA3,NUMERICO) VALUES (87,'Guinea-Bisáu','Guinea-Bisáu','GW','GNB',624);
INSERT INTO USUARIO_AEROLINEA.PAISES (ID,NAME,ISO_NAME,ALFA2,ALFA3,NUMERICO) VALUES (88,'Guinea Ecuatorial','Guinea Ecuatorial','GQ','GNQ',226);
INSERT INTO USUARIO_AEROLINEA.PAISES (ID,NAME,ISO_NAME,ALFA2,ALFA3,NUMERICO) VALUES (89,'Guyana','Guyana','GY','GUY',328);
INSERT INTO USUARIO_AEROLINEA.PAISES (ID,NAME,ISO_NAME,ALFA2,ALFA3,NUMERICO) VALUES (90,'Haití','Haití','HT','HTI',332);
INSERT INTO USUARIO_AEROLINEA.PAISES (ID,NAME,ISO_NAME,ALFA2,ALFA3,NUMERICO) VALUES (91,'Honduras','Honduras','HN','HND',340);
INSERT INTO USUARIO_AEROLINEA.PAISES (ID,NAME,ISO_NAME,ALFA2,ALFA3,NUMERICO) VALUES (92,'Hong Kong','Hong Kong','HK','HKG',344);
INSERT INTO USUARIO_AEROLINEA.PAISES (ID,NAME,ISO_NAME,ALFA2,ALFA3,NUMERICO) VALUES (93,'Hungría','Hungría','HU','HUN',348);
INSERT INTO USUARIO_AEROLINEA.PAISES (ID,NAME,ISO_NAME,ALFA2,ALFA3,NUMERICO) VALUES (94,'India','India','IN','IND',356);
INSERT INTO USUARIO_AEROLINEA.PAISES (ID,NAME,ISO_NAME,ALFA2,ALFA3,NUMERICO) VALUES (95,'Indonesia','Indonesia','ID','IDN',360);
INSERT INTO USUARIO_AEROLINEA.PAISES (ID,NAME,ISO_NAME,ALFA2,ALFA3,NUMERICO) VALUES (96,'Irak','Irak','IQ','IRQ',368);
INSERT INTO USUARIO_AEROLINEA.PAISES (ID,NAME,ISO_NAME,ALFA2,ALFA3,NUMERICO) VALUES (97,'Irán','Irán (la República Islámica de)','IR','IRN',364);
INSERT INTO USUARIO_AEROLINEA.PAISES (ID,NAME,ISO_NAME,ALFA2,ALFA3,NUMERICO) VALUES (98,'Irlanda','Irlanda','IE','IRL',372);
INSERT INTO USUARIO_AEROLINEA.PAISES (ID,NAME,ISO_NAME,ALFA2,ALFA3,NUMERICO) VALUES (99,'Isla Bouvet','Isla Bouvet','BV','BVT',74);
INSERT INTO USUARIO_AEROLINEA.PAISES (ID,NAME,ISO_NAME,ALFA2,ALFA3,NUMERICO) VALUES (100,'Isla de Man','Isla de Man','IM','IMN',833);
INSERT INTO USUARIO_AEROLINEA.PAISES (ID,NAME,ISO_NAME,ALFA2,ALFA3,NUMERICO) VALUES (101,'Isla de Navidad','Isla de Navidad','CX','CXR',162);
INSERT INTO USUARIO_AEROLINEA.PAISES (ID,NAME,ISO_NAME,ALFA2,ALFA3,NUMERICO) VALUES (102,'Norfolk','Isla Norfolk','NF','NFK',574);
INSERT INTO USUARIO_AEROLINEA.PAISES (ID,NAME,ISO_NAME,ALFA2,ALFA3,NUMERICO) VALUES (103,'Islandia','Islandia','IS','ISL',352);
INSERT INTO USUARIO_AEROLINEA.PAISES (ID,NAME,ISO_NAME,ALFA2,ALFA3,NUMERICO) VALUES (104,'Islas Caimán','Islas Caimán (las)','KY','CYM',136);
INSERT INTO USUARIO_AEROLINEA.PAISES (ID,NAME,ISO_NAME,ALFA2,ALFA3,NUMERICO) VALUES (105,'Islas Cocos','Islas Cocos (Keeling)','CC','CCK',166);
INSERT INTO USUARIO_AEROLINEA.PAISES (ID,NAME,ISO_NAME,ALFA2,ALFA3,NUMERICO) VALUES (106,'Islas Cook','Islas Cook (las)','CK','COK',184);
INSERT INTO USUARIO_AEROLINEA.PAISES (ID,NAME,ISO_NAME,ALFA2,ALFA3,NUMERICO) VALUES (107,'Islas Feroe','Islas Feroe (las)','FO','FRO',234);
INSERT INTO USUARIO_AEROLINEA.PAISES (ID,NAME,ISO_NAME,ALFA2,ALFA3,NUMERICO) VALUES (108,'Islas Georgias del Sur y Sandwich del Sur','Georgia del sur y las islas sandwich del sur','GS','SGS',239);
INSERT INTO USUARIO_AEROLINEA.PAISES (ID,NAME,ISO_NAME,ALFA2,ALFA3,NUMERICO) VALUES (109,'Islas Heard y McDonald','Isla Heard e Islas McDonald','HM','HMD',334);
INSERT INTO USUARIO_AEROLINEA.PAISES (ID,NAME,ISO_NAME,ALFA2,ALFA3,NUMERICO) VALUES (110,'Islas Malvinas','Islas Malvinas [Falkland] (las)','FK','FLK',238);
INSERT INTO USUARIO_AEROLINEA.PAISES (ID,NAME,ISO_NAME,ALFA2,ALFA3,NUMERICO) VALUES (111,'Islas Marianas del Norte','Islas Marianas del Norte (las)','MP','MNP',580);
INSERT INTO USUARIO_AEROLINEA.PAISES (ID,NAME,ISO_NAME,ALFA2,ALFA3,NUMERICO) VALUES (112,'Islas Marshall','Islas Marshall (las)','MH','MHL',584);
INSERT INTO USUARIO_AEROLINEA.PAISES (ID,NAME,ISO_NAME,ALFA2,ALFA3,NUMERICO) VALUES (113,'Islas Pitcairn','Pitcairn','PN','PCN',612);
INSERT INTO USUARIO_AEROLINEA.PAISES (ID,NAME,ISO_NAME,ALFA2,ALFA3,NUMERICO) VALUES (114,'Islas Salomón','Islas Salomón (las)','SB','SLB',90);
INSERT INTO USUARIO_AEROLINEA.PAISES (ID,NAME,ISO_NAME,ALFA2,ALFA3,NUMERICO) VALUES (115,'Islas Turcas y Caicos','Islas Turcas y Caicos (las)','TC','TCA',796);
INSERT INTO USUARIO_AEROLINEA.PAISES (ID,NAME,ISO_NAME,ALFA2,ALFA3,NUMERICO) VALUES (116,'Islas ultramarinas de Estados Unidos','Islas de Ultramar Menores de Estados Unidos (las)','UM','UMI',581);
INSERT INTO USUARIO_AEROLINEA.PAISES (ID,NAME,ISO_NAME,ALFA2,ALFA3,NUMERICO) VALUES (117,'Islas Vírgenes Británicas','Islas Vírgenes (Británicas)','VG','VGB',92);
INSERT INTO USUARIO_AEROLINEA.PAISES (ID,NAME,ISO_NAME,ALFA2,ALFA3,NUMERICO) VALUES (118,'Islas Vírgenes de los Estados Unidos','Islas Vírgenes (EE.UU.)','VI','VIR',850);
INSERT INTO USUARIO_AEROLINEA.PAISES (ID,NAME,ISO_NAME,ALFA2,ALFA3,NUMERICO) VALUES (119,'Israel','Israel','IL','ISR',376);
INSERT INTO USUARIO_AEROLINEA.PAISES (ID,NAME,ISO_NAME,ALFA2,ALFA3,NUMERICO) VALUES (120,'Italia','Italia','IT','ITA',380);
INSERT INTO USUARIO_AEROLINEA.PAISES (ID,NAME,ISO_NAME,ALFA2,ALFA3,NUMERICO) VALUES (121,'Jamaica','Jamaica','JM','JAM',388);
INSERT INTO USUARIO_AEROLINEA.PAISES (ID,NAME,ISO_NAME,ALFA2,ALFA3,NUMERICO) VALUES (122,'Japón','Japón','JP','JPN',392);
INSERT INTO USUARIO_AEROLINEA.PAISES (ID,NAME,ISO_NAME,ALFA2,ALFA3,NUMERICO) VALUES (123,'Jersey','Jersey','JE','JEY',832);
INSERT INTO USUARIO_AEROLINEA.PAISES (ID,NAME,ISO_NAME,ALFA2,ALFA3,NUMERICO) VALUES (124,'Jordania','Jordania','JO','JOR',400);
INSERT INTO USUARIO_AEROLINEA.PAISES (ID,NAME,ISO_NAME,ALFA2,ALFA3,NUMERICO) VALUES (125,'Kazajistán','Kazajistán','KZ','KAZ',398);
INSERT INTO USUARIO_AEROLINEA.PAISES (ID,NAME,ISO_NAME,ALFA2,ALFA3,NUMERICO) VALUES (126,'Kenia','Kenia','KE','KEN',404);
INSERT INTO USUARIO_AEROLINEA.PAISES (ID,NAME,ISO_NAME,ALFA2,ALFA3,NUMERICO) VALUES (127,'Kirguistán','Kirguistán','KG','KGZ',417);
INSERT INTO USUARIO_AEROLINEA.PAISES (ID,NAME,ISO_NAME,ALFA2,ALFA3,NUMERICO) VALUES (128,'Kiribati','Kiribati','KI','KIR',296);
INSERT INTO USUARIO_AEROLINEA.PAISES (ID,NAME,ISO_NAME,ALFA2,ALFA3,NUMERICO) VALUES (129,'Kuwait','Kuwait','KW','KWT',414);
INSERT INTO USUARIO_AEROLINEA.PAISES (ID,NAME,ISO_NAME,ALFA2,ALFA3,NUMERICO) VALUES (130,'Laos','Lao, (la) República Democrática Popular','LA','LAO',418);
INSERT INTO USUARIO_AEROLINEA.PAISES (ID,NAME,ISO_NAME,ALFA2,ALFA3,NUMERICO) VALUES (131,'Lesoto','Lesoto','LS','LSO',426);
INSERT INTO USUARIO_AEROLINEA.PAISES (ID,NAME,ISO_NAME,ALFA2,ALFA3,NUMERICO) VALUES (132,'Letonia','Letonia','LV','LVA',428);
INSERT INTO USUARIO_AEROLINEA.PAISES (ID,NAME,ISO_NAME,ALFA2,ALFA3,NUMERICO) VALUES (133,'Líbano','Líbano','LB','LBN',422);
INSERT INTO USUARIO_AEROLINEA.PAISES (ID,NAME,ISO_NAME,ALFA2,ALFA3,NUMERICO) VALUES (134,'Liberia','Liberia','LR','LBR',430);
INSERT INTO USUARIO_AEROLINEA.PAISES (ID,NAME,ISO_NAME,ALFA2,ALFA3,NUMERICO) VALUES (135,'Libia','Libia','LY','LBY',434);
INSERT INTO USUARIO_AEROLINEA.PAISES (ID,NAME,ISO_NAME,ALFA2,ALFA3,NUMERICO) VALUES (136,'Liechtenstein','Liechtenstein','LI','LIE',438);
INSERT INTO USUARIO_AEROLINEA.PAISES (ID,NAME,ISO_NAME,ALFA2,ALFA3,NUMERICO) VALUES (137,'Lituania','Lituania','LT','LTU',440);
INSERT INTO USUARIO_AEROLINEA.PAISES (ID,NAME,ISO_NAME,ALFA2,ALFA3,NUMERICO) VALUES (138,'Luxemburgo','Luxemburgo','LU','LUX',442);
INSERT INTO USUARIO_AEROLINEA.PAISES (ID,NAME,ISO_NAME,ALFA2,ALFA3,NUMERICO) VALUES (139,'Macao','Macao','MO','MAC',446);
INSERT INTO USUARIO_AEROLINEA.PAISES (ID,NAME,ISO_NAME,ALFA2,ALFA3,NUMERICO) VALUES (140,'Madagascar','Madagascar','MG','MDG',450);
INSERT INTO USUARIO_AEROLINEA.PAISES (ID,NAME,ISO_NAME,ALFA2,ALFA3,NUMERICO) VALUES (141,'Malasia','Malasia','MY','MYS',458);
INSERT INTO USUARIO_AEROLINEA.PAISES (ID,NAME,ISO_NAME,ALFA2,ALFA3,NUMERICO) VALUES (142,'Malaui','Malaui','MW','MWI',454);
INSERT INTO USUARIO_AEROLINEA.PAISES (ID,NAME,ISO_NAME,ALFA2,ALFA3,NUMERICO) VALUES (143,'Maldivas','Maldivas','MV','MDV',462);
INSERT INTO USUARIO_AEROLINEA.PAISES (ID,NAME,ISO_NAME,ALFA2,ALFA3,NUMERICO) VALUES (144,'Malí','Malí','ML','MLI',466);
INSERT INTO USUARIO_AEROLINEA.PAISES (ID,NAME,ISO_NAME,ALFA2,ALFA3,NUMERICO) VALUES (145,'Malta','Malta','MT','MLT',470);
INSERT INTO USUARIO_AEROLINEA.PAISES (ID,NAME,ISO_NAME,ALFA2,ALFA3,NUMERICO) VALUES (146,'Marruecos','Marruecos','MA','MAR',504);
INSERT INTO USUARIO_AEROLINEA.PAISES (ID,NAME,ISO_NAME,ALFA2,ALFA3,NUMERICO) VALUES (147,'Martinica','Martinica','MQ','MTQ',474);
INSERT INTO USUARIO_AEROLINEA.PAISES (ID,NAME,ISO_NAME,ALFA2,ALFA3,NUMERICO) VALUES (148,'Mauricio','Mauricio','MU','MUS',480);
INSERT INTO USUARIO_AEROLINEA.PAISES (ID,NAME,ISO_NAME,ALFA2,ALFA3,NUMERICO) VALUES (149,'Mauritania','Mauritania','MR','MRT',478);
INSERT INTO USUARIO_AEROLINEA.PAISES (ID,NAME,ISO_NAME,ALFA2,ALFA3,NUMERICO) VALUES (150,'Mayotte','Mayotte','YT','MYT',175);
INSERT INTO USUARIO_AEROLINEA.PAISES (ID,NAME,ISO_NAME,ALFA2,ALFA3,NUMERICO) VALUES (151,'México','México','MX','MEX',484);
INSERT INTO USUARIO_AEROLINEA.PAISES (ID,NAME,ISO_NAME,ALFA2,ALFA3,NUMERICO) VALUES (152,'Micronesia','Micronesia (los Estados Federados de)','FM','FSM',583);
INSERT INTO USUARIO_AEROLINEA.PAISES (ID,NAME,ISO_NAME,ALFA2,ALFA3,NUMERICO) VALUES (153,'Moldavia','Moldavia (la República de)','MD','MDA',498);
INSERT INTO USUARIO_AEROLINEA.PAISES (ID,NAME,ISO_NAME,ALFA2,ALFA3,NUMERICO) VALUES (154,'Mónaco','Mónaco','MC','MCO',492);
INSERT INTO USUARIO_AEROLINEA.PAISES (ID,NAME,ISO_NAME,ALFA2,ALFA3,NUMERICO) VALUES (155,'Mongolia','Mongolia','MN','MNG',496);
INSERT INTO USUARIO_AEROLINEA.PAISES (ID,NAME,ISO_NAME,ALFA2,ALFA3,NUMERICO) VALUES (156,'Montenegro','Montenegro','ME','MNE',499);
INSERT INTO USUARIO_AEROLINEA.PAISES (ID,NAME,ISO_NAME,ALFA2,ALFA3,NUMERICO) VALUES (157,'Montserrat','Montserrat','MS','MSR',500);
INSERT INTO USUARIO_AEROLINEA.PAISES (ID,NAME,ISO_NAME,ALFA2,ALFA3,NUMERICO) VALUES (158,'Mozambique','Mozambique','MZ','MOZ',508);
INSERT INTO USUARIO_AEROLINEA.PAISES (ID,NAME,ISO_NAME,ALFA2,ALFA3,NUMERICO) VALUES (159,'Namibia','Namibia','NA','NAM',516);
INSERT INTO USUARIO_AEROLINEA.PAISES (ID,NAME,ISO_NAME,ALFA2,ALFA3,NUMERICO) VALUES (160,'Nauru','Nauru','NR','NRU',520);
INSERT INTO USUARIO_AEROLINEA.PAISES (ID,NAME,ISO_NAME,ALFA2,ALFA3,NUMERICO) VALUES (161,'Nepal','Nepal','NP','NPL',524);
INSERT INTO USUARIO_AEROLINEA.PAISES (ID,NAME,ISO_NAME,ALFA2,ALFA3,NUMERICO) VALUES (162,'Nicaragua','Nicaragua','NI','NIC',558);
INSERT INTO USUARIO_AEROLINEA.PAISES (ID,NAME,ISO_NAME,ALFA2,ALFA3,NUMERICO) VALUES (163,'Níger','Níger (el)','NE','NER',562);
INSERT INTO USUARIO_AEROLINEA.PAISES (ID,NAME,ISO_NAME,ALFA2,ALFA3,NUMERICO) VALUES (164,'Nigeria','Nigeria','NG','NGA',566);
INSERT INTO USUARIO_AEROLINEA.PAISES (ID,NAME,ISO_NAME,ALFA2,ALFA3,NUMERICO) VALUES (165,'Niue','Niue','NU','NIU',570);
INSERT INTO USUARIO_AEROLINEA.PAISES (ID,NAME,ISO_NAME,ALFA2,ALFA3,NUMERICO) VALUES (166,'Noruega','Noruega','NO','NOR',578);
INSERT INTO USUARIO_AEROLINEA.PAISES (ID,NAME,ISO_NAME,ALFA2,ALFA3,NUMERICO) VALUES (167,'Nueva Caledonia','Nueva Caledonia','NC','NCL',540);
INSERT INTO USUARIO_AEROLINEA.PAISES (ID,NAME,ISO_NAME,ALFA2,ALFA3,NUMERICO) VALUES (168,'Nueva Zelanda','Nueva Zelanda','NZ','NZL',554);
INSERT INTO USUARIO_AEROLINEA.PAISES (ID,NAME,ISO_NAME,ALFA2,ALFA3,NUMERICO) VALUES (169,'Omán','Omán','OM','OMN',512);
INSERT INTO USUARIO_AEROLINEA.PAISES (ID,NAME,ISO_NAME,ALFA2,ALFA3,NUMERICO) VALUES (170,'Países Bajos','Países Bajos (los)','NL','NLD',528);
INSERT INTO USUARIO_AEROLINEA.PAISES (ID,NAME,ISO_NAME,ALFA2,ALFA3,NUMERICO) VALUES (171,'Pakistán','Pakistán','PK','PAK',586);
INSERT INTO USUARIO_AEROLINEA.PAISES (ID,NAME,ISO_NAME,ALFA2,ALFA3,NUMERICO) VALUES (172,'Palaos','Palaos','PW','PLW',585);
INSERT INTO USUARIO_AEROLINEA.PAISES (ID,NAME,ISO_NAME,ALFA2,ALFA3,NUMERICO) VALUES (173,'Palestina','Palestina, Estado de','PS','PSE',275);
INSERT INTO USUARIO_AEROLINEA.PAISES (ID,NAME,ISO_NAME,ALFA2,ALFA3,NUMERICO) VALUES (174,'Panamá','Panamá','PA','PAN',591);
INSERT INTO USUARIO_AEROLINEA.PAISES (ID,NAME,ISO_NAME,ALFA2,ALFA3,NUMERICO) VALUES (175,'Papúa Nueva Guinea','Papúa Nueva Guinea','PG','PNG',598);
INSERT INTO USUARIO_AEROLINEA.PAISES (ID,NAME,ISO_NAME,ALFA2,ALFA3,NUMERICO) VALUES (176,'Paraguay','Paraguay','PY','PRY',600);
INSERT INTO USUARIO_AEROLINEA.PAISES (ID,NAME,ISO_NAME,ALFA2,ALFA3,NUMERICO) VALUES (177,'Perú','Perú','PE','PER',604);
INSERT INTO USUARIO_AEROLINEA.PAISES (ID,NAME,ISO_NAME,ALFA2,ALFA3,NUMERICO) VALUES (178,'Polinesia Francesa','Polinesia Francesa','PF','PYF',258);
INSERT INTO USUARIO_AEROLINEA.PAISES (ID,NAME,ISO_NAME,ALFA2,ALFA3,NUMERICO) VALUES (179,'Polonia','Polonia','PL','POL',616);
INSERT INTO USUARIO_AEROLINEA.PAISES (ID,NAME,ISO_NAME,ALFA2,ALFA3,NUMERICO) VALUES (180,'Portugal','Portugal','PT','PRT',620);
INSERT INTO USUARIO_AEROLINEA.PAISES (ID,NAME,ISO_NAME,ALFA2,ALFA3,NUMERICO) VALUES (181,'Puerto Rico','Puerto Rico','PR','PRI',630);
INSERT INTO USUARIO_AEROLINEA.PAISES (ID,NAME,ISO_NAME,ALFA2,ALFA3,NUMERICO) VALUES (182,'Reino Unido','Reino Unido (el)','GB','GBR',826);
INSERT INTO USUARIO_AEROLINEA.PAISES (ID,NAME,ISO_NAME,ALFA2,ALFA3,NUMERICO) VALUES (183,'República Centroafricana','República Centroafricana (la)','CF','CAF',140);
INSERT INTO USUARIO_AEROLINEA.PAISES (ID,NAME,ISO_NAME,ALFA2,ALFA3,NUMERICO) VALUES (184,'República Checa','República Checa (la)','CZ','CZE',203);
INSERT INTO USUARIO_AEROLINEA.PAISES (ID,NAME,ISO_NAME,ALFA2,ALFA3,NUMERICO) VALUES (185,'Macedonia del Norte','Macedonia (la antigua República Yugoslava de)','MK','MKD',807);
INSERT INTO USUARIO_AEROLINEA.PAISES (ID,NAME,ISO_NAME,ALFA2,ALFA3,NUMERICO) VALUES (186,'República del Congo','Congo','CG','COG',178);
INSERT INTO USUARIO_AEROLINEA.PAISES (ID,NAME,ISO_NAME,ALFA2,ALFA3,NUMERICO) VALUES (187,'República Democrática del Congo','Congo (la República Democrática del)','CD','COD',180);
INSERT INTO USUARIO_AEROLINEA.PAISES (ID,NAME,ISO_NAME,ALFA2,ALFA3,NUMERICO) VALUES (188,'República Dominicana','República Dominicana (la)','DO','DOM',214);
INSERT INTO USUARIO_AEROLINEA.PAISES (ID,NAME,ISO_NAME,ALFA2,ALFA3,NUMERICO) VALUES (189,'Reunión','Reunión','RE','REU',638);
INSERT INTO USUARIO_AEROLINEA.PAISES (ID,NAME,ISO_NAME,ALFA2,ALFA3,NUMERICO) VALUES (190,'Ruanda','Ruanda','RW','RWA',646);
INSERT INTO USUARIO_AEROLINEA.PAISES (ID,NAME,ISO_NAME,ALFA2,ALFA3,NUMERICO) VALUES (191,'Rumania','Rumania','RO','ROU',642);
INSERT INTO USUARIO_AEROLINEA.PAISES (ID,NAME,ISO_NAME,ALFA2,ALFA3,NUMERICO) VALUES (192,'Rusia','Rusia, (la) Federación de','RU','RUS',643);
INSERT INTO USUARIO_AEROLINEA.PAISES (ID,NAME,ISO_NAME,ALFA2,ALFA3,NUMERICO) VALUES (193,'República Árabe Saharaui Democrática','Sahara Occidental','EH','ESH',732);
INSERT INTO USUARIO_AEROLINEA.PAISES (ID,NAME,ISO_NAME,ALFA2,ALFA3,NUMERICO) VALUES (194,'Samoa','Samoa','WS','WSM',882);
INSERT INTO USUARIO_AEROLINEA.PAISES (ID,NAME,ISO_NAME,ALFA2,ALFA3,NUMERICO) VALUES (195,'Samoa Americana','Samoa Americana','AS','ASM',16);
INSERT INTO USUARIO_AEROLINEA.PAISES (ID,NAME,ISO_NAME,ALFA2,ALFA3,NUMERICO) VALUES (196,'San Bartolomé','San Bartolomé','BL','BLM',652);
INSERT INTO USUARIO_AEROLINEA.PAISES (ID,NAME,ISO_NAME,ALFA2,ALFA3,NUMERICO) VALUES (197,'San Cristóbal y Nieves','San Cristóbal y Nieves','KN','KNA',659);
INSERT INTO USUARIO_AEROLINEA.PAISES (ID,NAME,ISO_NAME,ALFA2,ALFA3,NUMERICO) VALUES (198,'San Marino','San Marino','SM','SMR',674);
INSERT INTO USUARIO_AEROLINEA.PAISES (ID,NAME,ISO_NAME,ALFA2,ALFA3,NUMERICO) VALUES (199,'San Martín','San Martín (parte francesa)','MF','MAF',663);
INSERT INTO USUARIO_AEROLINEA.PAISES (ID,NAME,ISO_NAME,ALFA2,ALFA3,NUMERICO) VALUES (200,'San Pedro y Miquelón','San Pedro y Miquelón','PM','SPM',666);
INSERT INTO USUARIO_AEROLINEA.PAISES (ID,NAME,ISO_NAME,ALFA2,ALFA3,NUMERICO) VALUES (201,'San Vicente y las Granadinas','San Vicente y las Granadinas','VC','VCT',670);
INSERT INTO USUARIO_AEROLINEA.PAISES (ID,NAME,ISO_NAME,ALFA2,ALFA3,NUMERICO) VALUES (202,'Santa Elena, Ascensión y Tristán de Acuña','Santa Helena, Ascensión y Tristán de Acuña','SH','SHN',654);
INSERT INTO USUARIO_AEROLINEA.PAISES (ID,NAME,ISO_NAME,ALFA2,ALFA3,NUMERICO) VALUES (203,'Santa Lucía','Santa Lucía','LC','LCA',662);
INSERT INTO USUARIO_AEROLINEA.PAISES (ID,NAME,ISO_NAME,ALFA2,ALFA3,NUMERICO) VALUES (204,'Santo Tomé y Príncipe','Santo Tomé y Príncipe','ST','STP',678);
INSERT INTO USUARIO_AEROLINEA.PAISES (ID,NAME,ISO_NAME,ALFA2,ALFA3,NUMERICO) VALUES (205,'Senegal','Senegal','SN','SEN',686);
INSERT INTO USUARIO_AEROLINEA.PAISES (ID,NAME,ISO_NAME,ALFA2,ALFA3,NUMERICO) VALUES (206,'Serbia','Serbia','RS','SRB',688);
INSERT INTO USUARIO_AEROLINEA.PAISES (ID,NAME,ISO_NAME,ALFA2,ALFA3,NUMERICO) VALUES (207,'Seychelles','Seychelles','SC','SYC',690);
INSERT INTO USUARIO_AEROLINEA.PAISES (ID,NAME,ISO_NAME,ALFA2,ALFA3,NUMERICO) VALUES (208,'Sierra Leona','Sierra leona','SL','SLE',694);
INSERT INTO USUARIO_AEROLINEA.PAISES (ID,NAME,ISO_NAME,ALFA2,ALFA3,NUMERICO) VALUES (209,'Singapur','Singapur','SG','SGP',702);
INSERT INTO USUARIO_AEROLINEA.PAISES (ID,NAME,ISO_NAME,ALFA2,ALFA3,NUMERICO) VALUES (210,'Sint Maarten','Sint Maarten (parte holandesa)','SX','SXM',534);
INSERT INTO USUARIO_AEROLINEA.PAISES (ID,NAME,ISO_NAME,ALFA2,ALFA3,NUMERICO) VALUES (211,'Siria','Siria, (la) República Árabe','SY','SYR',760);
INSERT INTO USUARIO_AEROLINEA.PAISES (ID,NAME,ISO_NAME,ALFA2,ALFA3,NUMERICO) VALUES (212,'Somalia','Somalia','SO','SOM',706);
INSERT INTO USUARIO_AEROLINEA.PAISES (ID,NAME,ISO_NAME,ALFA2,ALFA3,NUMERICO) VALUES (213,'Sri Lanka','Sri Lanka','LK','LKA',144);
INSERT INTO USUARIO_AEROLINEA.PAISES (ID,NAME,ISO_NAME,ALFA2,ALFA3,NUMERICO) VALUES (214,'Suazilandia','Suazilandia','SZ','SWZ',748);
INSERT INTO USUARIO_AEROLINEA.PAISES (ID,NAME,ISO_NAME,ALFA2,ALFA3,NUMERICO) VALUES (215,'Sudáfrica','Sudáfrica','ZA','ZAF',710);
INSERT INTO USUARIO_AEROLINEA.PAISES (ID,NAME,ISO_NAME,ALFA2,ALFA3,NUMERICO) VALUES (216,'Sudán','Sudán (el)','SD','SDN',729);
INSERT INTO USUARIO_AEROLINEA.PAISES (ID,NAME,ISO_NAME,ALFA2,ALFA3,NUMERICO) VALUES (217,'Sudán del Sur','Sudán del Sur','SS','SSD',728);
INSERT INTO USUARIO_AEROLINEA.PAISES (ID,NAME,ISO_NAME,ALFA2,ALFA3,NUMERICO) VALUES (218,'Suecia','Suecia','SE','SWE',752);
INSERT INTO USUARIO_AEROLINEA.PAISES (ID,NAME,ISO_NAME,ALFA2,ALFA3,NUMERICO) VALUES (219,'Suiza','Suiza','CH','CHE',756);
INSERT INTO USUARIO_AEROLINEA.PAISES (ID,NAME,ISO_NAME,ALFA2,ALFA3,NUMERICO) VALUES (220,'Surinam','Surinam','SR','SUR',740);
INSERT INTO USUARIO_AEROLINEA.PAISES (ID,NAME,ISO_NAME,ALFA2,ALFA3,NUMERICO) VALUES (221,'Svalbard y Jan Mayen','Svalbard y Jan Mayen','SJ','SJM',744);
INSERT INTO USUARIO_AEROLINEA.PAISES (ID,NAME,ISO_NAME,ALFA2,ALFA3,NUMERICO) VALUES (222,'Tailandia','Tailandia','TH','THA',764);
INSERT INTO USUARIO_AEROLINEA.PAISES (ID,NAME,ISO_NAME,ALFA2,ALFA3,NUMERICO) VALUES (223,'República de China','Taiwán (Provincia de China)','TW','TWN',158);
INSERT INTO USUARIO_AEROLINEA.PAISES (ID,NAME,ISO_NAME,ALFA2,ALFA3,NUMERICO) VALUES (224,'Tanzania','Tanzania, República Unida de','TZ','TZA',834);
INSERT INTO USUARIO_AEROLINEA.PAISES (ID,NAME,ISO_NAME,ALFA2,ALFA3,NUMERICO) VALUES (225,'Tayikistán','Tayikistán','TJ','TJK',762);
INSERT INTO USUARIO_AEROLINEA.PAISES (ID,NAME,ISO_NAME,ALFA2,ALFA3,NUMERICO) VALUES (226,'Territorio Británico del Océano Índico','Territorio Británico del Océano Índico (el)','IO','IOT',86);
INSERT INTO USUARIO_AEROLINEA.PAISES (ID,NAME,ISO_NAME,ALFA2,ALFA3,NUMERICO) VALUES (227,'Tierras Australes y Antárticas Francesas','Territorios Australes Franceses (los)','TF','ATF',260);
INSERT INTO USUARIO_AEROLINEA.PAISES (ID,NAME,ISO_NAME,ALFA2,ALFA3,NUMERICO) VALUES (228,'Timor Oriental','Timor-Leste','TL','TLS',626);
INSERT INTO USUARIO_AEROLINEA.PAISES (ID,NAME,ISO_NAME,ALFA2,ALFA3,NUMERICO) VALUES (229,'Togo','Togo','TG','TGO',768);
INSERT INTO USUARIO_AEROLINEA.PAISES (ID,NAME,ISO_NAME,ALFA2,ALFA3,NUMERICO) VALUES (230,'Tokelau','Tokelau','TK','TKL',772);
INSERT INTO USUARIO_AEROLINEA.PAISES (ID,NAME,ISO_NAME,ALFA2,ALFA3,NUMERICO) VALUES (231,'Tonga','Tonga','TO','TON',776);
INSERT INTO USUARIO_AEROLINEA.PAISES (ID,NAME,ISO_NAME,ALFA2,ALFA3,NUMERICO) VALUES (232,'Trinidad y Tobago','Trinidad y Tobago','TT','TTO',780);
INSERT INTO USUARIO_AEROLINEA.PAISES (ID,NAME,ISO_NAME,ALFA2,ALFA3,NUMERICO) VALUES (233,'Túnez','Túnez','TN','TUN',788);
INSERT INTO USUARIO_AEROLINEA.PAISES (ID,NAME,ISO_NAME,ALFA2,ALFA3,NUMERICO) VALUES (234,'Turkmenistán','Turkmenistán','TM','TKM',795);
INSERT INTO USUARIO_AEROLINEA.PAISES (ID,NAME,ISO_NAME,ALFA2,ALFA3,NUMERICO) VALUES (235,'Turquía','Turquía','TR','TUR',792);
INSERT INTO USUARIO_AEROLINEA.PAISES (ID,NAME,ISO_NAME,ALFA2,ALFA3,NUMERICO) VALUES (236,'Tuvalu','Tuvalu','TV','TUV',798);
INSERT INTO USUARIO_AEROLINEA.PAISES (ID,NAME,ISO_NAME,ALFA2,ALFA3,NUMERICO) VALUES (237,'Ucrania','Ucrania','UA','UKR',804);
INSERT INTO USUARIO_AEROLINEA.PAISES (ID,NAME,ISO_NAME,ALFA2,ALFA3,NUMERICO) VALUES (238,'Uganda','Uganda','UG','UGA',800);
INSERT INTO USUARIO_AEROLINEA.PAISES (ID,NAME,ISO_NAME,ALFA2,ALFA3,NUMERICO) VALUES (239,'Uruguay','Uruguay','UY','URY',858);
INSERT INTO USUARIO_AEROLINEA.PAISES (ID,NAME,ISO_NAME,ALFA2,ALFA3,NUMERICO) VALUES (240,'Uzbekistán','Uzbekistán','UZ','UZB',860);
INSERT INTO USUARIO_AEROLINEA.PAISES (ID,NAME,ISO_NAME,ALFA2,ALFA3,NUMERICO) VALUES (241,'Vanuatu','Vanuatu','VU','VUT',548);
INSERT INTO USUARIO_AEROLINEA.PAISES (ID,NAME,ISO_NAME,ALFA2,ALFA3,NUMERICO) VALUES (242,'Ciudad del Vaticano','Santa Sede [Estado de la Ciudad del Vaticano]','VA','VAT',336);
INSERT INTO USUARIO_AEROLINEA.PAISES (ID,NAME,ISO_NAME,ALFA2,ALFA3,NUMERICO) VALUES (243,'Venezuela','Venezuela, República Bolivariana de','VE','VEN',862);
INSERT INTO USUARIO_AEROLINEA.PAISES (ID,NAME,ISO_NAME,ALFA2,ALFA3,NUMERICO) VALUES (244,'Vietnam','Viet Nam','VN','VNM',704);
INSERT INTO USUARIO_AEROLINEA.PAISES (ID,NAME,ISO_NAME,ALFA2,ALFA3,NUMERICO) VALUES (245,'Wallis y Futuna','Wallis y Futuna','WF','WLF',876);
INSERT INTO USUARIO_AEROLINEA.PAISES (ID,NAME,ISO_NAME,ALFA2,ALFA3,NUMERICO) VALUES (246,'Yemen','Yemen','YE','YEM',887);
INSERT INTO USUARIO_AEROLINEA.PAISES (ID,NAME,ISO_NAME,ALFA2,ALFA3,NUMERICO) VALUES (247,'Yibuti','Yibuti','DJ','DJI',262);
INSERT INTO USUARIO_AEROLINEA.PAISES (ID,NAME,ISO_NAME,ALFA2,ALFA3,NUMERICO) VALUES (248,'Zambia','Zambia','ZM','ZMB',894);
INSERT INTO USUARIO_AEROLINEA.PAISES (ID,NAME,ISO_NAME,ALFA2,ALFA3,NUMERICO) VALUES (249,'Zimbabue','Zimbabue','ZW','ZWE',716);

-- ============================================================
-- DATOS - USUARIOS
-- El admin (ID=1) va primero: VUELOS lo referencia via FK
-- ============================================================

INSERT INTO USUARIO_AEROLINEA.USUARIOS
  (ID_USUARIO,EMAIL,PASSWORD_HASH,NOMBRES,APELLIDOS,EDAD,PAIS_ORIGEN,NUM_PASAPORTE,TIPO_USUARIO,FECHA_REGISTRO,ACTIVO)
  VALUES (1,'admin@halcon.com','K99aDaB5+PYokicRWyn1BE7p35Y58OHSk5ibn5w7SwaHoshZ3KQXBrOQLW6Zkt4j',
    'Administrador','Sistema',35,83,'ADMIN001','ADMIN',CURRENT_TIMESTAMP,1);

INSERT INTO USUARIO_AEROLINEA.USUARIOS
  (ID_USUARIO,EMAIL,PASSWORD_HASH,NOMBRES,APELLIDOS,EDAD,PAIS_ORIGEN,NUM_PASAPORTE,TIPO_USUARIO,FECHA_REGISTRO,ACTIVO)
  VALUES (2,'juan.perez@gmail.com','$2a$10$dummyhash1234567890',
    'Juan Carlos','Perez Gonzalez',28,83,'A12345678','REGISTRADO',CURRENT_TIMESTAMP,1);

INSERT INTO USUARIO_AEROLINEA.USUARIOS
  (ID_USUARIO,EMAIL,PASSWORD_HASH,NOMBRES,APELLIDOS,EDAD,PAIS_ORIGEN,NUM_PASAPORTE,TIPO_USUARIO,FECHA_REGISTRO,ACTIVO)
  VALUES (3,'maria.lopez@gmail.com','$2a$10$dummyhash1234567890',
    'Maria Fernanda','Lopez Martinez',32,151,'B98765432','REGISTRADO',CURRENT_TIMESTAMP,1);

INSERT INTO USUARIO_AEROLINEA.USUARIOS
  (ID_USUARIO,EMAIL,PASSWORD_HASH,NOMBRES,APELLIDOS,EDAD,PAIS_ORIGEN,NUM_PASAPORTE,TIPO_USUARIO,FECHA_REGISTRO,ACTIVO)
  VALUES (4,'agencia.viajes@example.com','$2a$10$dummyhash1234567890',
    'Agencia','WebService',30,83,'WS001','WEBSERVICE',CURRENT_TIMESTAMP,1);

INSERT INTO USUARIO_AEROLINEA.USUARIOS
  (ID_USUARIO,EMAIL,PASSWORD_HASH,NOMBRES,APELLIDOS,EDAD,PAIS_ORIGEN,NUM_PASAPORTE,TIPO_USUARIO,FECHA_REGISTRO,ACTIVO)
  VALUES (21,'jptorresg28@gmail.com','3zszbshKBPlFyVypFEYpVFPLvsbghPYd4IOWZGDppQQyJh/cXRTpfF8eZ1vY2JvY',
    'Juan Pablo','Torres Garcia',20,83,'3014638910101','REGISTRADO',CURRENT_TIMESTAMP,1);

-- ============================================================
-- DATOS - VUELOS
-- ============================================================

INSERT INTO USUARIO_AEROLINEA.VUELOS
  (ID_VUELO,CODIGO_VUELO,ORIGEN_CIUDAD,ORIGEN_CODIGO_IATA,DESTINO_CIUDAD,DESTINO_CODIGO_IATA,
   FECHA_SALIDA,HORA_SALIDA,FECHA_LLEGADA,HORA_LLEGADA,TIPO_ASIENTO,PRECIO_BASE,
   ASIENTOS_TOTALES,ASIENTOS_DISPONIBLES,ESTADO,CREADO_POR,FECHA_CREACION)
  VALUES (1,'HC-201','Guatemala City','GUA','Ciudad de Mexico','MEX',
    TO_DATE('15/03/26','DD/MM/RR'),'06:30',TO_DATE('15/03/26','DD/MM/RR'),'08:45',
    'TURISTA',1250,180,173,'ACTIVO',1,CURRENT_TIMESTAMP);

INSERT INTO USUARIO_AEROLINEA.VUELOS
  (ID_VUELO,CODIGO_VUELO,ORIGEN_CIUDAD,ORIGEN_CODIGO_IATA,DESTINO_CIUDAD,DESTINO_CODIGO_IATA,
   FECHA_SALIDA,HORA_SALIDA,FECHA_LLEGADA,HORA_LLEGADA,TIPO_ASIENTO,PRECIO_BASE,
   ASIENTOS_TOTALES,ASIENTOS_DISPONIBLES,ESTADO,CREADO_POR,FECHA_CREACION)
  VALUES (2,'HC-202','Guatemala City','GUA','Ciudad de Mexico','MEX',
    TO_DATE('15/03/26','DD/MM/RR'),'14:30',TO_DATE('15/03/26','DD/MM/RR'),'16:50',
    'TURISTA',1350,180,178,'ACTIVO',1,CURRENT_TIMESTAMP);

INSERT INTO USUARIO_AEROLINEA.VUELOS
  (ID_VUELO,CODIGO_VUELO,ORIGEN_CIUDAD,ORIGEN_CODIGO_IATA,DESTINO_CIUDAD,DESTINO_CODIGO_IATA,
   FECHA_SALIDA,HORA_SALIDA,FECHA_LLEGADA,HORA_LLEGADA,TIPO_ASIENTO,PRECIO_BASE,
   ASIENTOS_TOTALES,ASIENTOS_DISPONIBLES,ESTADO,CREADO_POR,FECHA_CREACION)
  VALUES (3,'HC-410','Guatemala City','GUA','Ciudad de Mexico','MEX',
    TO_DATE('20/03/26','DD/MM/RR'),'11:00',TO_DATE('20/03/26','DD/MM/RR'),'13:20',
    'BUSINESS',2800,40,40,'ACTIVO',1,CURRENT_TIMESTAMP);

INSERT INTO USUARIO_AEROLINEA.VUELOS
  (ID_VUELO,CODIGO_VUELO,ORIGEN_CIUDAD,ORIGEN_CODIGO_IATA,DESTINO_CIUDAD,DESTINO_CODIGO_IATA,
   FECHA_SALIDA,HORA_SALIDA,FECHA_LLEGADA,HORA_LLEGADA,TIPO_ASIENTO,PRECIO_BASE,
   ASIENTOS_TOTALES,ASIENTOS_DISPONIBLES,ESTADO,CREADO_POR,FECHA_CREACION)
  VALUES (4,'HC-150','Guatemala City','GUA','Miami','MIA',
    TO_DATE('18/03/26','DD/MM/RR'),'09:00',TO_DATE('18/03/26','DD/MM/RR'),'13:15',
    'TURISTA',1890,180,175,'ACTIVO',1,CURRENT_TIMESTAMP);

INSERT INTO USUARIO_AEROLINEA.VUELOS
  (ID_VUELO,CODIGO_VUELO,ORIGEN_CIUDAD,ORIGEN_CODIGO_IATA,DESTINO_CIUDAD,DESTINO_CODIGO_IATA,
   FECHA_SALIDA,HORA_SALIDA,FECHA_LLEGADA,HORA_LLEGADA,TIPO_ASIENTO,PRECIO_BASE,
   ASIENTOS_TOTALES,ASIENTOS_DISPONIBLES,ESTADO,CREADO_POR,FECHA_CREACION)
  VALUES (5,'HC-151','Miami','MIA','Guatemala City','GUA',
    TO_DATE('25/03/26','DD/MM/RR'),'15:30',TO_DATE('25/03/26','DD/MM/RR'),'19:45',
    'TURISTA',1890,180,180,'ACTIVO',1,CURRENT_TIMESTAMP);

INSERT INTO USUARIO_AEROLINEA.VUELOS
  (ID_VUELO,CODIGO_VUELO,ORIGEN_CIUDAD,ORIGEN_CODIGO_IATA,DESTINO_CIUDAD,DESTINO_CODIGO_IATA,
   FECHA_SALIDA,HORA_SALIDA,FECHA_LLEGADA,HORA_LLEGADA,TIPO_ASIENTO,PRECIO_BASE,
   ASIENTOS_TOTALES,ASIENTOS_DISPONIBLES,ESTADO,CREADO_POR,FECHA_CREACION)
  VALUES (6,'HC-300','Ciudad de Mexico','MEX','Guatemala City','GUA',
    TO_DATE('22/03/26','DD/MM/RR'),'10:00',TO_DATE('22/03/26','DD/MM/RR'),'12:15',
    'BUSINESS',2600,40,38,'ACTIVO',1,CURRENT_TIMESTAMP);

INSERT INTO USUARIO_AEROLINEA.VUELOS
  (ID_VUELO,CODIGO_VUELO,ORIGEN_CIUDAD,ORIGEN_CODIGO_IATA,DESTINO_CIUDAD,DESTINO_CODIGO_IATA,
   FECHA_SALIDA,HORA_SALIDA,FECHA_LLEGADA,HORA_LLEGADA,TIPO_ASIENTO,PRECIO_BASE,
   ASIENTOS_TOTALES,ASIENTOS_DISPONIBLES,ESTADO,CREADO_POR,FECHA_CREACION)
  VALUES (62,'HC-MYO2','Guatemala City','GUA','Miami','MIA',
    TO_DATE('22/03/26','DD/MM/RR'),'09:00',TO_DATE('22/03/26','DD/MM/RR'),'14:30',
    'TURISTA',1200,200,200,'ACTIVO',1,CURRENT_TIMESTAMP);

INSERT INTO USUARIO_AEROLINEA.VUELOS
  (ID_VUELO,CODIGO_VUELO,ORIGEN_CIUDAD,ORIGEN_CODIGO_IATA,DESTINO_CIUDAD,DESTINO_CODIGO_IATA,
   FECHA_SALIDA,HORA_SALIDA,FECHA_LLEGADA,HORA_LLEGADA,TIPO_ASIENTO,PRECIO_BASE,
   ASIENTOS_TOTALES,ASIENTOS_DISPONIBLES,ESTADO,CREADO_POR,FECHA_CREACION)
  VALUES (81,'HC-501','Ciudad de Mexico','MEX','Miami','MIA',
    TO_DATE('20/03/26','DD/MM/RR'),'15:00',TO_DATE('20/03/26','DD/MM/RR'),'19:30',
    'TURISTA',850,180,179,'ACTIVO',1,CURRENT_TIMESTAMP);

INSERT INTO USUARIO_AEROLINEA.VUELOS
  (ID_VUELO,CODIGO_VUELO,ORIGEN_CIUDAD,ORIGEN_CODIGO_IATA,DESTINO_CIUDAD,DESTINO_CODIGO_IATA,
   FECHA_SALIDA,HORA_SALIDA,FECHA_LLEGADA,HORA_LLEGADA,TIPO_ASIENTO,PRECIO_BASE,
   ASIENTOS_TOTALES,ASIENTOS_DISPONIBLES,ESTADO,CREADO_POR,FECHA_CREACION)
  VALUES (82,'HC-601','Miami','MIA','Bogota','BOG',
    TO_DATE('20/03/26','DD/MM/RR'),'21:00',TO_DATE('20/03/26','DD/MM/RR'),'23:45',
    'TURISTA',600,150,147,'ACTIVO',1,CURRENT_TIMESTAMP);

INSERT INTO USUARIO_AEROLINEA.VUELOS
  (ID_VUELO,CODIGO_VUELO,ORIGEN_CIUDAD,ORIGEN_CODIGO_IATA,DESTINO_CIUDAD,DESTINO_CODIGO_IATA,
   FECHA_SALIDA,HORA_SALIDA,FECHA_LLEGADA,HORA_LLEGADA,TIPO_ASIENTO,PRECIO_BASE,
   ASIENTOS_TOTALES,ASIENTOS_DISPONIBLES,ESTADO,CREADO_POR,FECHA_CREACION)
  VALUES (83,'HC-701','Bogota','BOG','Lima','LIM',
    TO_DATE('21/03/26','DD/MM/RR'),'02:00',TO_DATE('21/03/26','DD/MM/RR'),'04:30',
    'TURISTA',550,150,146,'ACTIVO',1,CURRENT_TIMESTAMP);

-- ============================================================
-- DATOS - RESERVACIONES
-- ============================================================

INSERT INTO USUARIO_AEROLINEA.RESERVACIONES
  (ID_RESERVACION,CODIGO_RESERVACION,ID_VUELO,ID_USUARIO,NUM_PASAJEROS,PRECIO_TOTAL,ESTADO,FECHA_COMPRA,METODO_PAGO)
  VALUES (2,'RES-20260216-001',2,2,2,2700,'CONFIRMADA',CURRENT_TIMESTAMP,'TARJETA_CREDITO');

INSERT INTO USUARIO_AEROLINEA.RESERVACIONES
  (ID_RESERVACION,CODIGO_RESERVACION,ID_VUELO,ID_USUARIO,NUM_PASAJEROS,PRECIO_TOTAL,ESTADO,FECHA_COMPRA,METODO_PAGO)
  VALUES (21,'RES-8VKJCYS3',1,2,1,1250,'CONFIRMADA',CURRENT_TIMESTAMP,'card');

INSERT INTO USUARIO_AEROLINEA.RESERVACIONES
  (ID_RESERVACION,CODIGO_RESERVACION,ID_VUELO,ID_USUARIO,NUM_PASAJEROS,PRECIO_TOTAL,ESTADO,FECHA_COMPRA,METODO_PAGO)
  VALUES (22,'RES-UUMMA06M',1,2,1,1250,'CONFIRMADA',CURRENT_TIMESTAMP,'card');

INSERT INTO USUARIO_AEROLINEA.RESERVACIONES
  (ID_RESERVACION,CODIGO_RESERVACION,ID_VUELO,ID_USUARIO,NUM_PASAJEROS,PRECIO_TOTAL,ESTADO,FECHA_COMPRA,METODO_PAGO)
  VALUES (23,'RES-GTCJ9NLU',1,21,2,2500,'CONFIRMADA',CURRENT_TIMESTAMP,'card');

INSERT INTO USUARIO_AEROLINEA.RESERVACIONES
  (ID_RESERVACION,CODIGO_RESERVACION,ID_VUELO,ID_USUARIO,NUM_PASAJEROS,PRECIO_TOTAL,ESTADO,FECHA_COMPRA,METODO_PAGO)
  VALUES (41,'RES-0Z0HP7W7',62,21,1,1200,'CANCELADA',CURRENT_TIMESTAMP,'card');

INSERT INTO USUARIO_AEROLINEA.RESERVACIONES
  (ID_RESERVACION,CODIGO_RESERVACION,ID_VUELO,ID_USUARIO,NUM_PASAJEROS,PRECIO_TOTAL,ESTADO,FECHA_COMPRA,METODO_PAGO)
  VALUES (42,'RES-8TXEAPYY',83,21,1,550,'CONFIRMADA',CURRENT_TIMESTAMP,'card');

INSERT INTO USUARIO_AEROLINEA.RESERVACIONES
  (ID_RESERVACION,CODIGO_RESERVACION,ID_VUELO,ID_USUARIO,NUM_PASAJEROS,PRECIO_TOTAL,ESTADO,FECHA_COMPRA,METODO_PAGO)
  VALUES (61,'RES-8ZGUYW9A',1,21,1,1250,'CONFIRMADA',CURRENT_TIMESTAMP,'card');

INSERT INTO USUARIO_AEROLINEA.RESERVACIONES
  (ID_RESERVACION,CODIGO_RESERVACION,ID_VUELO,ID_USUARIO,NUM_PASAJEROS,PRECIO_TOTAL,ESTADO,FECHA_COMPRA,METODO_PAGO)
  VALUES (62,'RES-YKP45JDB',81,21,1,850,'CONFIRMADA',CURRENT_TIMESTAMP,'card');

INSERT INTO USUARIO_AEROLINEA.RESERVACIONES
  (ID_RESERVACION,CODIGO_RESERVACION,ID_VUELO,ID_USUARIO,NUM_PASAJEROS,PRECIO_TOTAL,ESTADO,FECHA_COMPRA,METODO_PAGO)
  VALUES (63,'RES-VDXG8XV9',82,21,1,600,'CONFIRMADA',CURRENT_TIMESTAMP,'card');

INSERT INTO USUARIO_AEROLINEA.RESERVACIONES
  (ID_RESERVACION,CODIGO_RESERVACION,ID_VUELO,ID_USUARIO,NUM_PASAJEROS,PRECIO_TOTAL,ESTADO,FECHA_COMPRA,METODO_PAGO)
  VALUES (64,'RES-KGAPE3NB',83,21,1,550,'CONFIRMADA',CURRENT_TIMESTAMP,'card');

INSERT INTO USUARIO_AEROLINEA.RESERVACIONES
  (ID_RESERVACION,CODIGO_RESERVACION,ID_VUELO,ID_USUARIO,NUM_PASAJEROS,PRECIO_TOTAL,ESTADO,FECHA_COMPRA,METODO_PAGO)
  VALUES (65,'RES-2TIVAEHO',82,21,2,1200,'CONFIRMADA',CURRENT_TIMESTAMP,'card');

INSERT INTO USUARIO_AEROLINEA.RESERVACIONES
  (ID_RESERVACION,CODIGO_RESERVACION,ID_VUELO,ID_USUARIO,NUM_PASAJEROS,PRECIO_TOTAL,ESTADO,FECHA_COMPRA,METODO_PAGO)
  VALUES (66,'RES-343QVDNT',83,21,2,1100,'CONFIRMADA',CURRENT_TIMESTAMP,'card');

-- ============================================================
-- DATOS - PASAJEROS
-- Nota: NUM_PASAPORTE debe ser único por pasajero
-- ============================================================

INSERT INTO USUARIO_AEROLINEA.PASAJEROS
  (ID_PASAJERO,ID_RESERVACION,NOMBRES,APELLIDOS,FECHA_NACIMIENTO,NACIONALIDAD,NUM_PASAPORTE,TIPO_ASIENTO)
  VALUES (7,2,'Juan Carlos','Perez Gonzalez',TO_DATE('10/05/96','DD/MM/RR'),83,'A12345678','TURISTA');

INSERT INTO USUARIO_AEROLINEA.PASAJEROS
  (ID_PASAJERO,ID_RESERVACION,NOMBRES,APELLIDOS,FECHA_NACIMIENTO,NACIONALIDAD,NUM_PASAPORTE,TIPO_ASIENTO)
  VALUES (8,2,'Maria Fernanda','Lopez Martinez',TO_DATE('22/08/92','DD/MM/RR'),151,'B98765432','TURISTA');

INSERT INTO USUARIO_AEROLINEA.PASAJEROS
  (ID_PASAJERO,ID_RESERVACION,NOMBRES,APELLIDOS,FECHA_NACIMIENTO,NACIONALIDAD,NUM_PASAPORTE,TIPO_ASIENTO)
  VALUES (21,22,'aaa','aaa',TO_DATE('28/06/05','DD/MM/RR'),83,'PP0000001','TURISTA');

INSERT INTO USUARIO_AEROLINEA.PASAJEROS
  (ID_PASAJERO,ID_RESERVACION,NOMBRES,APELLIDOS,FECHA_NACIMIENTO,NACIONALIDAD,NUM_PASAPORTE,TIPO_ASIENTO)
  VALUES (22,23,'j','h',TO_DATE('02/02/99','DD/MM/RR'),83,'61613','TURISTA');

INSERT INTO USUARIO_AEROLINEA.PASAJEROS
  (ID_PASAJERO,ID_RESERVACION,NOMBRES,APELLIDOS,FECHA_NACIMIENTO,NACIONALIDAD,NUM_PASAPORTE,TIPO_ASIENTO)
  VALUES (23,23,'adsf','sdsfdg',TO_DATE('22/02/01','DD/MM/RR'),83,'451','TURISTA');

INSERT INTO USUARIO_AEROLINEA.PASAJEROS
  (ID_PASAJERO,ID_RESERVACION,NOMBRES,APELLIDOS,FECHA_NACIMIENTO,NACIONALIDAD,NUM_PASAPORTE,TIPO_ASIENTO)
  VALUES (41,41,'Juan Pablo','Torres Garcia',TO_DATE('28/06/05','DD/MM/RR'),83,'3014638910101','TURISTA');

INSERT INTO USUARIO_AEROLINEA.PASAJEROS
  (ID_PASAJERO,ID_RESERVACION,NOMBRES,APELLIDOS,FECHA_NACIMIENTO,NACIONALIDAD,NUM_PASAPORTE,TIPO_ASIENTO)
  VALUES (42,42,'Yo','Yo',TO_DATE('22/03/05','DD/MM/RR'),83,'PP0000002','TURISTA');

INSERT INTO USUARIO_AEROLINEA.PASAJEROS
  (ID_PASAJERO,ID_RESERVACION,NOMBRES,APELLIDOS,FECHA_NACIMIENTO,NACIONALIDAD,NUM_PASAPORTE,TIPO_ASIENTO)
  VALUES (61,61,'Juan Pablo','Torres Garcia',TO_DATE('28/06/05','DD/MM/RR'),83,'PP0000003','TURISTA');

INSERT INTO USUARIO_AEROLINEA.PASAJEROS
  (ID_PASAJERO,ID_RESERVACION,NOMBRES,APELLIDOS,FECHA_NACIMIENTO,NACIONALIDAD,NUM_PASAPORTE,TIPO_ASIENTO)
  VALUES (62,62,'Juan Pablo','Torres Garcia',TO_DATE('28/06/05','DD/MM/RR'),83,'PP0000004','TURISTA');

INSERT INTO USUARIO_AEROLINEA.PASAJEROS
  (ID_PASAJERO,ID_RESERVACION,NOMBRES,APELLIDOS,FECHA_NACIMIENTO,NACIONALIDAD,NUM_PASAPORTE,TIPO_ASIENTO)
  VALUES (63,63,'Juan Pablo','Torres Garcia',TO_DATE('28/06/05','DD/MM/RR'),83,'PP0000005','TURISTA');

INSERT INTO USUARIO_AEROLINEA.PASAJEROS
  (ID_PASAJERO,ID_RESERVACION,NOMBRES,APELLIDOS,FECHA_NACIMIENTO,NACIONALIDAD,NUM_PASAPORTE,TIPO_ASIENTO)
  VALUES (64,64,'Juan Pablo','Torres Garcia',TO_DATE('28/06/05','DD/MM/RR'),83,'PP0000006','TURISTA');

INSERT INTO USUARIO_AEROLINEA.PASAJEROS
  (ID_PASAJERO,ID_RESERVACION,NOMBRES,APELLIDOS,FECHA_NACIMIENTO,NACIONALIDAD,NUM_PASAPORTE,TIPO_ASIENTO)
  VALUES (65,65,'Juan Pablo','Torres Garcia',TO_DATE('28/06/05','DD/MM/RR'),83,'PP0000007','TURISTA');

INSERT INTO USUARIO_AEROLINEA.PASAJEROS
  (ID_PASAJERO,ID_RESERVACION,NOMBRES,APELLIDOS,FECHA_NACIMIENTO,NACIONALIDAD,NUM_PASAPORTE,TIPO_ASIENTO)
  VALUES (66,65,'Juan Pedro','Torres Garcia',TO_DATE('28/06/06','DD/MM/RR'),83,'PP0000008','TURISTA');

INSERT INTO USUARIO_AEROLINEA.PASAJEROS
  (ID_PASAJERO,ID_RESERVACION,NOMBRES,APELLIDOS,FECHA_NACIMIENTO,NACIONALIDAD,NUM_PASAPORTE,TIPO_ASIENTO)
  VALUES (67,66,'Juan Pablo','Torres Garcia',TO_DATE('28/06/05','DD/MM/RR'),83,'PP0000009','TURISTA');

INSERT INTO USUARIO_AEROLINEA.PASAJEROS
  (ID_PASAJERO,ID_RESERVACION,NOMBRES,APELLIDOS,FECHA_NACIMIENTO,NACIONALIDAD,NUM_PASAPORTE,TIPO_ASIENTO)
  VALUES (68,66,'Juan Pedro','Torres Garcia',TO_DATE('28/06/06','DD/MM/RR'),83,'PP0000010','TURISTA');

-- ============================================================
-- DATOS - COMENTARIOS Y RATINGS
-- Los comentarios padre deben ir antes que los hijos (self-FK)
-- ============================================================

INSERT INTO USUARIO_AEROLINEA.COMENTARIOS_RATINGS
  (ID_COMENTARIO,ID_VUELO,ID_USUARIO,ID_COMENTARIO_PADRE,RATING,TEXTO_COMENTARIO,FECHA_CREACION)
  VALUES (4,1,2,NULL,5,'Excelente vuelo, muy puntual y el servicio fue de primera.',CURRENT_TIMESTAMP);

INSERT INTO USUARIO_AEROLINEA.COMENTARIOS_RATINGS
  (ID_COMENTARIO,ID_VUELO,ID_USUARIO,ID_COMENTARIO_PADRE,RATING,TEXTO_COMENTARIO,FECHA_CREACION)
  VALUES (5,2,3,NULL,4,'Buen vuelo en general, solo un poco de turbulencia pero nada grave.',CURRENT_TIMESTAMP);

INSERT INTO USUARIO_AEROLINEA.COMENTARIOS_RATINGS
  (ID_COMENTARIO,ID_VUELO,ID_USUARIO,ID_COMENTARIO_PADRE,RATING,TEXTO_COMENTARIO,FECHA_CREACION)
  VALUES (21,1,21,NULL,2,'No estoy de acuerdo',CURRENT_TIMESTAMP);

INSERT INTO USUARIO_AEROLINEA.COMENTARIOS_RATINGS
  (ID_COMENTARIO,ID_VUELO,ID_USUARIO,ID_COMENTARIO_PADRE,RATING,TEXTO_COMENTARIO,FECHA_CREACION)
  VALUES (32,1,21,NULL,NULL,'Quien no esta de acuerdo?',CURRENT_TIMESTAMP);

-- Los que referencian a un padre van después
INSERT INTO USUARIO_AEROLINEA.COMENTARIOS_RATINGS
  (ID_COMENTARIO,ID_VUELO,ID_USUARIO,ID_COMENTARIO_PADRE,RATING,TEXTO_COMENTARIO,FECHA_CREACION)
  VALUES (10,1,3,4,NULL,'Totalmente de acuerdo! El personal fue muy amable.',CURRENT_TIMESTAMP);

-- ============================================================
-- DATOS - AGENCIAS CLIENTES
-- ============================================================

INSERT INTO USUARIO_AEROLINEA.AGENCIAS_CLIENTES
  (ID_AGENCIA,NOMBRE_AGENCIA,ID_USUARIO_WEBSERVICE,PORCENTAJE_DESCUENTO,API_KEY_HASH,ACTIVO,FECHA_REGISTRO)
  VALUES (2,'Viajes Globales S.A.',4,10,'$2a$10$apikeyhash1234567890',1,CURRENT_TIMESTAMP);

-- ============================================================
-- DATOS - HOTELES ALIADOS
-- ============================================================

INSERT INTO USUARIO_AEROLINEA.HOTELES_ALIADOS
  (ID_HOTEL_ALIADO,NOMBRE_HOTEL,URL_API_BASE,PORCENTAJE_DESCUENTO,ACTIVO,API_KEY,FECHA_REGISTRO)
  VALUES (1,'Hotel Marquis Reforma','https://api-hotel-marquis.example.com/v1',15,1,'hotel-api-key-12345',CURRENT_TIMESTAMP);

-- ============================================================
-- DATOS - HISTORIAL DE BÚSQUEDAS
-- ============================================================

INSERT INTO USUARIO_AEROLINEA.HISTORIAL_BUSQUEDAS
  (ID_BUSQUEDA,ID_USUARIO,ORIGEN,DESTINO,FECHA_IDA,FECHA_VUELTA,NUM_PASAJEROS,TIPO_ASIENTO,TIPO_FUENTE,FECHA_HORA_BUSQUEDA,IP_ORIGEN)
  VALUES (2,2,'Guatemala City','Ciudad de Mexico',TO_DATE('15/03/26','DD/MM/RR'),TO_DATE('22/03/26','DD/MM/RR'),2,'TURISTA','WEB',CURRENT_TIMESTAMP,'192.168.1.100');

INSERT INTO USUARIO_AEROLINEA.HISTORIAL_BUSQUEDAS
  (ID_BUSQUEDA,ID_USUARIO,ORIGEN,DESTINO,FECHA_IDA,FECHA_VUELTA,NUM_PASAJEROS,TIPO_ASIENTO,TIPO_FUENTE,FECHA_HORA_BUSQUEDA,IP_ORIGEN)
  VALUES (3,2,'Guatemala City','Ciudad de Mexico',TO_DATE('15/03/26','DD/MM/RR'),TO_DATE('22/03/26','DD/MM/RR'),2,'TURISTA','WEB',CURRENT_TIMESTAMP,'192.168.1.100');

INSERT INTO USUARIO_AEROLINEA.HISTORIAL_BUSQUEDAS
  (ID_BUSQUEDA,ID_USUARIO,ORIGEN,DESTINO,FECHA_IDA,FECHA_VUELTA,NUM_PASAJEROS,TIPO_ASIENTO,TIPO_FUENTE,FECHA_HORA_BUSQUEDA,IP_ORIGEN)
  VALUES (4,3,'Guatemala City','Miami',TO_DATE('18/03/26','DD/MM/RR'),NULL,1,'BUSINESS','WEB',CURRENT_TIMESTAMP,'192.168.1.101');

-- ============================================================
-- COMMIT OBLIGATORIO - sin esto nada se guarda
-- ============================================================
COMMIT;